{
    "root_group": {
        "name": "",
        "path": "",
        "id": "d41d8cd98f00b204e9800998ecf8427e",
        "groups": {},
        "checks": {}
    },
    "metrics": {
        "http_req_sending": {
            "p(95)": 0.147186,
            "avg": 0.06907397501561516,
            "min": 0.029001,
            "med": 0.054455,
            "max": 0.810796,
            "p(90)": 0.108477
        },
        "seat_locked_400": {
            "count": 1584,
            "rate": 46.192999442465776
        },
        "vus_max": {
            "value": 100,
            "min": 100,
            "max": 100
        },
        "successful_bookings": {
            "count": 16,
            "rate": 0.4665959539643008
        },
        "http_req_blocked": {
            "avg": 7.908623980637118,
            "min": 0.000185,
            "med": 0.000385,
            "max": 175.259517,
            "p(90)": 0.000779,
            "p(95)": 110.399445
        },
        "data_received": {
            "count": 869097,
            "rate": 25344.821487656995
        },
        "http_req_waiting": {
            "p(90)": 488.012729,
            "p(95)": 1133.142713,
            "avg": 135.4235805608993,
            "min": 4.922124,
            "med": 12.897778,
            "max": 3213.290042
        },
        "http_req_tls_handshaking": {
            "max": 71.16719,
            "p(90)": 0,
            "p(95)": 10.020161,
            "avg": 1.4390128956901935,
            "min": 0,
            "med": 0
        },
        "failed_bookings": {
            "count": 1584,
            "rate": 46.192999442465776
        },
        "http_req_failed": {
            "passes": 1584,
            "fails": 17,
            "thresholds": {
                "rate<0.99": false
            },
            "value": 0.9893816364772018
        },
        "vus": {
            "value": 8,
            "min": 8,
            "max": 100
        },
        "order_request": {
            "max": 3213.531157,
            "p(90)": 488.28447940000024,
            "p(95)": 1133.39692015,
            "avg": 135.607980878125,
            "min": 5.166998,
            "med": 13.016693,
            "thresholds": {
                "p(95)<2000": false
            }
        },
        "http_req_connecting": {
            "avg": 0.3471761499063084,
            "min": 0,
            "med": 0,
            "max": 11.879612,
            "p(90)": 0,
            "p(95)": 3.121131
        },
        "http_req_receiving": {
            "avg": 0.07093741411617743,
            "min": 0.019941,
            "med": 0.054308,
            "max": 4.282839,
            "p(90)": 0.097,
            "p(95)": 0.127614
        },
        "iteration_duration": {
            "avg": 2019.106568202502,
            "min": 854.666236,
            "med": 2011.1467005,
            "max": 4550.133913,
            "p(90)": 2067.6741139,
            "p(95)": 2412.794885149999
        },
        "http_req_duration{expected_response:true}": {
            "avg": 2066.449046764706,
            "min": 64.541307,
            "med": 2056.34616,
            "max": 3213.531157,
            "p(90)": 2527.420726,
            "p(95)": 2682.5052777999995
        },
        "order_success": {
            "passes": 16,
            "fails": 1584,
            "thresholds": {
                "rate>0": false
            },
            "value": 0.01
        },
        "iterations": {
            "rate": 46.65959539643008,
            "count": 1600
        },
        "http_req_duration": {
            "p(95)": 1133.375028,
            "avg": 135.56359195003122,
            "min": 5.166998,
            "med": 13.030645,
            "max": 3213.531157,
            "p(90)": 488.133555,
            "thresholds": {
                "p(95)<2000": false
            }
        },
        "data_sent": {
            "count": 630862,
            "rate": 18397.35354436417
        },
        "http_reqs": {
            "count": 1601,
            "rate": 46.68875764355285
        }
    },
    "setup_data": {
        "seats": [
            "79cd17f8-e160-4e8b-9c8a-aefb59ee287a",
            "70910468-5a2d-4b0b-88d9-1427ae167237",
            "af24bb02-ad5a-4fda-9810-aa54bf86c840",
            "57c2fbf6-52de-4eaf-bc16-d335a9f9b54a",
            "b583919f-d650-460b-af24-2864c9acf791",
            "d6aafba3-1d91-463a-8320-4671c8b00912",
            "f6b7a2ce-219b-49fb-a105-9609613ef1ca",
            "b2df57f9-1229-4e60-a92e-c364c0e5c9e6",
            "a2858ab4-05a0-45e1-894c-fbf7e50b71c1",
            "c1c8a266-6118-4ac4-a9ae-7c84914460c4",
            "aecf880d-b9b9-4d15-b864-2ed786822933",
            "1231d06a-d5c9-49bb-9a26-29f3a313d6f1",
            "87766d31-439f-406c-aa4d-6f2e0d17f1a2",
            "7ed51c1e-0c01-4d3e-a91d-ef0cdbe1e1b1",
            "3c6cf1f2-1fcc-44e3-b4b6-03827016fec2",
            "24162129-e174-439e-a68f-676c5bcd75b8"
        ],
        "tokenData": {
            "access_token": "eyJhbGciOiJSUzI1NiIsInR5cCIgOiAiSldUIiwia2lkIiA6ICJ2N2JYX3RuankyNWMzUzF3VWRmV2Nlcmt0THVZazhYTEszcWJjamhKME9vIn0.eyJleHAiOjE3NjEzNzAwNTgsImlhdCI6MTc2MTM2OTQ1OCwianRpIjoib25ydHJvOmE2M2E5MjZkLTk5ZDgtNmI2OC0wMzgyLTg0MTVkYzdlNWI4NSIsImlzcyI6Imh0dHBzOi8vYXV0aC5kcGl5dW1hbC5tZS9yZWFsbXMvZXZlbnQtdGlja2V0aW5nIiwiYXVkIjoiYWNjb3VudCIsInN1YiI6IjUyMTNlNGU4LWU0NjktNGY1ZS05ZDNhLTY0OTY5ZTExNDYyNSIsInR5cCI6IkJlYXJlciIsImF6cCI6ImxvZ2luLXRlc3RpbmciLCJzaWQiOiJiYjg0Y2JjZC0wNmNkLTQ0NmEtOGY5Yi05MWE2NGQzNWYyY2MiLCJyZWFsbV9hY2Nlc3MiOnsicm9sZXMiOlsiZGVmYXVsdC1yb2xlcy1ldmVudC10aWNrZXRpbmciLCJvZmZsaW5lX2FjY2VzcyIsInVtYV9hdXRob3JpemF0aW9uIl19LCJyZXNvdXJjZV9hY2Nlc3MiOnsiYWNjb3VudCI6eyJyb2xlcyI6WyJtYW5hZ2UtYWNjb3VudCIsIm1hbmFnZS1hY2NvdW50LWxpbmtzIiwidmlldy1wcm9maWxlIl19fSwic2NvcGUiOiJncm91cF9tZW1iZXJzaGlwIGludGVybmFsLWFwaSIsInVzZXJfZ3JvdXBzIjpbIi9UaWVycy9QUk8iLCIvUGVybWlzc2lvbnMvVXNlcnMiXX0.OIfW7FmGjQ-eCMnITiUqzYn1VyHp5ptLzHxWFNQ__oyJy7-R2C_WUdWb26lxG2RfNvElmdqzWwyNHS_QllO4I98fiHolZx_Y6zWI1JrmG9_a788Pwv3ebbrZES6p3h8_YKlgyKfwgHfRFNs7yRPKSeuDe4ah2uO6ozJBZ7szK4scIt6mNeB28waXFqb6O3DpiCMUmUuzQO_IYXc-tH9BCetCYcPDj4lSGzWp4fP6W_sHH1Sk60tCZaCSx31gRYvSa2riHIf1jcTLwq2Sq-G4Rrbz843_3le7-w4ntUsX7UV-_ebn6E_juoy3tb2nwFufNXAScQB7RR5vgKlDaHigJQ",
            "expires_at": 1761370028807,
            "expires_in": 600
        }
    }
}