{
    "root_group": {
        "checks": {},
        "name": "",
        "path": "",
        "id": "d41d8cd98f00b204e9800998ecf8427e",
        "groups": {}
    },
    "metrics": {
        "http_req_waiting": {
            "max": 10001.980782,
            "p(90)": 4089.094691400001,
            "p(95)": 6107.268661349999,
            "avg": 1747.7917792419935,
            "min": 0.045242,
            "med": 1609.2330080000002
        },
        "iterations": {
            "count": 209657,
            "rate": 635.1348621029506
        },
        "unexpected_failures": {
            "count": 79679,
            "rate": 241.37954219272908
        },
        "vus_max": {
            "value": 2000,
            "min": 1834,
            "max": 2000
        },
        "http_req_receiving": {
            "p(95)": 3.6771351,
            "avg": 0.6633720446632219,
            "min": 0,
            "med": 0.062052,
            "max": 45.797219,
            "p(90)": 1.9501808000000014
        },
        "vus": {
            "value": 7,
            "min": 0,
            "max": 2000
        },
        "http_req_duration{expected_response:true}": {
            "avg": 2413.839078933191,
            "min": 5.070687,
            "med": 2097.764271,
            "max": 9997.659948,
            "p(90)": 4465.069144399998,
            "p(95)": 6071.8382618999985
        },
        "http_req_connecting": {
            "avg": 0.02841998550496525,
            "min": 0,
            "med": 0,
            "max": 19.423498,
            "p(90)": 0,
            "p(95)": 0
        },
        "data_received": {
            "count": 54399203,
            "rate": 164796.93163555436
        },
        "http_req_sending": {
            "avg": 0.06826320448540014,
            "min": 0.021171,
            "med": 0.048003,
            "max": 42.037345,
            "p(90)": 0.07036330000000002,
            "p(95)": 0.08348515
        },
        "http_req_failed": {
            "passes": 79679,
            "fails": 129979,
            "value": 0.380042736265728
        },
        "http_req_blocked": {
            "avg": 0.07395693278577534,
            "min": 0.000166,
            "med": 0.000373,
            "max": 40.464024,
            "p(90)": 0.000474,
            "p(95)": 0.000529
        },
        "iteration_duration": {
            "max": 10845.885951,
            "p(90)": 4102.0305694,
            "p(95)": 6183.2213557999985,
            "avg": 2084.298127406718,
            "min": 2.962298,
            "med": 1631.673976
        },
        "successful_bookings": {
            "count": 5,
            "rate": 0.01514699871940719
        },
        "order_request": {
            "min": 2.550804,
            "med": 1609.375072,
            "max": 10002.023254,
            "p(90)": 4089.2270598,
            "p(95)": 6107.359640999996,
            "avg": 1748.5314916900377,
            "thresholds": {
                "p(95)<3000": true
            }
        },
        "server_errors_5xx": {
            "count": 76407,
            "rate": 231.46734623074903,
            "thresholds": {
                "count<10": true
            }
        },
        "http_req_tls_handshaking": {
            "avg": 0.043597568587890774,
            "min": 0,
            "med": 0,
            "max": 27.078183,
            "p(90)": 0,
            "p(95)": 0
        },
        "http_req_duration": {
            "max": 10002.023254,
            "p(90)": 4089.2262391000004,
            "p(95)": 6107.349365499998,
            "avg": 1748.5234144911487,
            "min": 2.550804,
            "med": 1609.373603,
            "thresholds": {
                "p(95)<3000": true
            }
        },
        "order_success": {
            "passes": 10,
            "fails": 419304,
            "value": 0.000023848476320847862
        },
        "seat_already_locked": {
            "count": 129973,
            "rate": 393.7401729115021
        },
        "data_sent": {
            "count": 66335801,
            "rate": 200957.65855957003
        },
        "order_expected": {
            "passes": 259956,
            "fails": 159358,
            "thresholds": {
                "rate>0.95": true
            },
            "value": 0.6199554510462326
        },
        "http_reqs": {
            "rate": 635.1378915026945,
            "count": 209658
        }
    },
    "setup_data": {
        "tokenData": {
            "access_token": "eyJhbGciOiJSUzI1NiIsInR5cCIgOiAiSldUIiwia2lkIiA6ICJ2N2JYX3RuankyNWMzUzF3VWRmV2Nlcmt0THVZazhYTEszcWJjamhKME9vIn0.eyJleHAiOjE3NjExNjM5NDcsImlhdCI6MTc2MTE2MzM0NywianRpIjoib25ydHJvOjU1Y2Y2YmQ1LTdlOTYtY2M5ZC0yNmM4LTViMTQ3YzRlMDU3YiIsImlzcyI6Imh0dHBzOi8vYXV0aC5kcGl5dW1hbC5tZS9yZWFsbXMvZXZlbnQtdGlja2V0aW5nIiwiYXVkIjoiYWNjb3VudCIsInN1YiI6IjUyMTNlNGU4LWU0NjktNGY1ZS05ZDNhLTY0OTY5ZTExNDYyNSIsInR5cCI6IkJlYXJlciIsImF6cCI6ImxvZ2luLXRlc3RpbmciLCJzaWQiOiJhNzBiN2M0NS1kM2IzLTQ2YjktYWNkMi1hYjViMjEzMzFiZDAiLCJyZWFsbV9hY2Nlc3MiOnsicm9sZXMiOlsiZGVmYXVsdC1yb2xlcy1ldmVudC10aWNrZXRpbmciLCJvZmZsaW5lX2FjY2VzcyIsInVtYV9hdXRob3JpemF0aW9uIl19LCJyZXNvdXJjZV9hY2Nlc3MiOnsiYWNjb3VudCI6eyJyb2xlcyI6WyJtYW5hZ2UtYWNjb3VudCIsIm1hbmFnZS1hY2NvdW50LWxpbmtzIiwidmlldy1wcm9maWxlIl19fSwic2NvcGUiOiJncm91cF9tZW1iZXJzaGlwIGludGVybmFsLWFwaSIsInVzZXJfZ3JvdXBzIjpbIi9UaWVycy9QUk8iLCIvUGVybWlzc2lvbnMvVXNlcnMiXX0.Wo-vxyWy_iGVO39jVLlkn-4xwYJY7u614Lf9A7sRG3vsE0jCZC-01-z0VtEWF-5vc8j7CG7qjeBArUwY_rFL_v82UR21PILvDjhSATncO9rZqzlYcscXNb1F2DUSgK029trcSW-Sv6YUlydT8CxnDGxeRKNnEO3MQzQAx42WipkLS5kLaIP_zbl3OO0a49QR3SDI0iLJ_C8isBp3xk-FUfRF4FjXtVb0BBUvf8wFrMC0XCFI9xwLHLQvqCbzioXRqUCeF0fULp58U5K1rTN7pjJncZy91iQSHLkZcb7BbcS-mcWqgtCvnZyz_8rjzd0zq2OJ0vIa9ePmEej3qYpOJg",
            "expires_at": 1761163917332,
            "expires_in": 600
        },
        "seats": [
            "79cd17f8-e160-4e8b-9c8a-aefb59ee287a",
            "70910468-5a2d-4b0b-88d9-1427ae167237",
            "af24bb02-ad5a-4fda-9810-aa54bf86c840",
            "57c2fbf6-52de-4eaf-bc16-d335a9f9b54a",
            "b583919f-d650-460b-af24-2864c9acf791",
            "d6aafba3-1d91-463a-8320-4671c8b00912",
            "f6b7a2ce-219b-49fb-a105-9609613ef1ca",
            "b2df57f9-1229-4e60-a92e-c364c0e5c9e6",
            "a2858ab4-05a0-45e1-894c-fbf7e50b71c1",
            "c1c8a266-6118-4ac4-a9ae-7c84914460c4",
            "aecf880d-b9b9-4d15-b864-2ed786822933",
            "1231d06a-d5c9-49bb-9a26-29f3a313d6f1",
            "87766d31-439f-406c-aa4d-6f2e0d17f1a2",
            "7ed51c1e-0c01-4d3e-a91d-ef0cdbe1e1b1",
            "3c6cf1f2-1fcc-44e3-b4b6-03827016fec2",
            "24162129-e174-439e-a68f-676c5bcd75b8"
        ]
    }
}