{
    "root_group": {
        "name": "",
        "path": "",
        "id": "d41d8cd98f00b204e9800998ecf8427e",
        "groups": {},
        "checks": {}
    },
    "metrics": {
        "http_req_receiving": {
            "avg": 0.06958846302581795,
            "min": 0,
            "med": 0.0526005,
            "max": 6.399856,
            "p(90)": 0.1073288,
            "p(95)": 0.14177499999999987
        },
        "vus": {
            "min": 0,
            "max": 1447,
            "value": 1447
        },
        "server_errors_5xx": {
            "count": 0,
            "rate": 0,
            "thresholds": {
                "count<10": false
            }
        },
        "http_req_duration{expected_response:true}": {
            "avg": 54.0989,
            "min": 54.0989,
            "med": 54.0989,
            "max": 54.0989,
            "p(90)": 54.0989,
            "p(95)": 54.0989
        },
        "http_req_connecting": {
            "p(90)": 0,
            "p(95)": 0,
            "avg": 0.11565161668150438,
            "min": 0,
            "med": 0,
            "max": 29.661925
        },
        "order_request": {
            "avg": 2918.3652355709064,
            "min": 9.885844,
            "med": 3004.788365,
            "max": 10001.070981,
            "p(90)": 3987.0865009999998,
            "p(95)": 4214.8767897,
            "thresholds": {
                "p(95)<3000": true
            }
        },
        "http_req_waiting": {
            "min": 9.742674,
            "med": 3004.6776105,
            "max": 10001.017007,
            "p(90)": 3986.9399241,
            "p(95)": 4214.77756605,
            "avg": 2918.153195137834
        },
        "http_req_tls_handshaking": {
            "max": 53.012997,
            "p(90)": 0,
            "p(95)": 0,
            "avg": 0.1811736741319832,
            "min": 0,
            "med": 0
        },
        "order_expected": {
            "passes": 71882,
            "fails": 4,
            "thresholds": {
                "rate>0.95": false
            },
            "value": 0.999944356341986
        },
        "http_req_blocked": {
            "avg": 0.30292373984531207,
            "min": 0.000189,
            "med": 0.000386,
            "max": 68.797177,
            "p(90)": 0.000511,
            "p(95)": 0.000657
        },
        "http_req_failed": {
            "fails": 1,
            "passes": 35943,
            "value": 0.9999721789450255
        },
        "order_success": {
            "passes": 0,
            "fails": 71886,
            "value": 0
        },
        "http_reqs": {
            "count": 35944,
            "rate": 306.62458233457295
        },
        "http_req_sending": {
            "avg": 0.0627650588415316,
            "min": 0.030593,
            "med": 0.057886,
            "max": 0.847516,
            "p(90)": 0.08347150000000002,
            "p(95)": 0.10265834999999998
        },
        "data_received": {
            "count": 14348557,
            "rate": 122402.07815570926
        },
        "http_req_duration": {
            "avg": 2918.285548659723,
            "min": 9.885844,
            "med": 3004.7841909999997,
            "max": 10001.070981,
            "p(90)": 3987.067701,
            "p(95)": 4214.866975049999,
            "thresholds": {
                "p(95)<3000": true
            }
        },
        "vus_max": {
            "value": 2000,
            "min": 1764,
            "max": 2000
        },
        "iteration_duration": {
            "avg": 2918.913350155708,
            "min": 10.138,
            "med": 3005.00703,
            "max": 10001.436225,
            "p(90)": 3988.0195576,
            "p(95)": 4216.1272183
        },
        "data_sent": {
            "count": 13489663,
            "rate": 115075.18036971797
        },
        "seat_already_locked": {
            "count": 35941,
            "rate": 306.5989904764881
        },
        "unexpected_failures": {
            "count": 2,
            "rate": 0.017061238723268028
        },
        "iterations": {
            "count": 35943,
            "rate": 306.6160517152113
        }
    },
    "setup_data": {
        "tokenData": {
            "expires_at": 1761149284582,
            "expires_in": 600,
            "access_token": "eyJhbGciOiJSUzI1NiIsInR5cCIgOiAiSldUIiwia2lkIiA6ICJ2N2JYX3RuankyNWMzUzF3VWRmV2Nlcmt0THVZazhYTEszcWJjamhKME9vIn0.eyJleHAiOjE3NjExNDkzMTQsImlhdCI6MTc2MTE0ODcxNCwianRpIjoib25ydHJvOmNlZmRlMDVlLTQ3MTEtNmE5Ny1hZWJiLWYzYWIzNDQ5OTAyOSIsImlzcyI6Imh0dHBzOi8vYXV0aC5kcGl5dW1hbC5tZS9yZWFsbXMvZXZlbnQtdGlja2V0aW5nIiwiYXVkIjoiYWNjb3VudCIsInN1YiI6IjUyMTNlNGU4LWU0NjktNGY1ZS05ZDNhLTY0OTY5ZTExNDYyNSIsInR5cCI6IkJlYXJlciIsImF6cCI6ImxvZ2luLXRlc3RpbmciLCJzaWQiOiJkM2U0M2Q0MC03ZWE1LTRjOWUtYmQ2NS0yZjE4YmE5ZDA5MzgiLCJyZWFsbV9hY2Nlc3MiOnsicm9sZXMiOlsiZGVmYXVsdC1yb2xlcy1ldmVudC10aWNrZXRpbmciLCJvZmZsaW5lX2FjY2VzcyIsInVtYV9hdXRob3JpemF0aW9uIl19LCJyZXNvdXJjZV9hY2Nlc3MiOnsiYWNjb3VudCI6eyJyb2xlcyI6WyJtYW5hZ2UtYWNjb3VudCIsIm1hbmFnZS1hY2NvdW50LWxpbmtzIiwidmlldy1wcm9maWxlIl19fSwic2NvcGUiOiJncm91cF9tZW1iZXJzaGlwIGludGVybmFsLWFwaSIsInVzZXJfZ3JvdXBzIjpbIi9UaWVycy9QUk8iLCIvUGVybWlzc2lvbnMvVXNlcnMiXX0.RW1EFVf11yWUrvpdS_8KUsMI9MkTI_1HCHk0KZq9dO9GdzJZqhrwBpZ_kavtKM3jLhWcrWN4jP31HpIpcydW7IIaE2Z9GiUtkdYRaEgrzQTG7n8H6pKPkZc8mroh-kBDhSswcKe3eNEm3G6PConaWjgxGvrMSjErjH76rPAUgM1WqjM5IayHJLsaRTwYzaEF3vDWMEkEQ4cVV5s9U5opnWmf5o7AGLp2Q-0-piDYVOqm1LJlmtW46xPt55YX6q00-ydcs7Iddbjhy9APdLIGKVFTbejHP16znl_LhMWlw8-NXZ1vtFRmH-voFtQ5HF9jN_BElbEj3_Pt0gxEf6eH9A"
        },
        "seats": [
            "79cd17f8-e160-4e8b-9c8a-aefb59ee287a",
            "70910468-5a2d-4b0b-88d9-1427ae167237",
            "af24bb02-ad5a-4fda-9810-aa54bf86c840",
            "57c2fbf6-52de-4eaf-bc16-d335a9f9b54a",
            "b583919f-d650-460b-af24-2864c9acf791",
            "d6aafba3-1d91-463a-8320-4671c8b00912",
            "f6b7a2ce-219b-49fb-a105-9609613ef1ca",
            "b2df57f9-1229-4e60-a92e-c364c0e5c9e6",
            "a2858ab4-05a0-45e1-894c-fbf7e50b71c1",
            "c1c8a266-6118-4ac4-a9ae-7c84914460c4",
            "aecf880d-b9b9-4d15-b864-2ed786822933",
            "1231d06a-d5c9-49bb-9a26-29f3a313d6f1",
            "87766d31-439f-406c-aa4d-6f2e0d17f1a2",
            "7ed51c1e-0c01-4d3e-a91d-ef0cdbe1e1b1",
            "3c6cf1f2-1fcc-44e3-b4b6-03827016fec2",
            "24162129-e174-439e-a68f-676c5bcd75b8"
        ]
    }
}