{
    "metrics": {
        "http_req_waiting": {
            "med": 7.475335,
            "max": 6017.932712,
            "p(90)": 213.103102,
            "p(95)": 3376.057148,
            "avg": 263.5554722361024,
            "min": 5.049087
        },
        "http_req_blocked": {
            "min": 0.000175,
            "med": 0.000406,
            "max": 172.832299,
            "p(90)": 0.000738,
            "p(95)": 102.157565,
            "avg": 7.4961833179263015
        },
        "data_received": {
            "rate": 23732.522856126994,
            "count": 865338
        },
        "http_req_duration{expected_response:true}": {
            "min": 73.535374,
            "med": 2075.401199,
            "max": 6018.125694,
            "p(90)": 2135.7918208,
            "p(95)": 2926.4603971999973,
            "avg": 2202.525279882353
        },
        "seat_locked_400": {
            "count": 1584,
            "rate": 43.44234993043777
        },
        "http_req_duration": {
            "min": 5.119062,
            "med": 7.600104,
            "max": 6018.125694,
            "p(90)": 213.215537,
            "p(95)": 3376.197214,
            "avg": 263.6763362036226,
            "thresholds": {
                "p(95)<2000": true
            }
        },
        "http_reqs": {
            "count": 1601,
            "rate": 43.90858727186292
        },
        "http_req_sending": {
            "avg": 0.06287140162398494,
            "min": 0.029504,
            "med": 0.052985,
            "max": 1.369702,
            "p(90)": 0.089791,
            "p(95)": 0.122311
        },
        "data_sent": {
            "rate": 17310.07605226955,
            "count": 631162
        },
        "iteration_duration": {
            "max": 6140.71506,
            "p(90)": 2214.5161273000003,
            "p(95)": 3537.0865015,
            "avg": 2146.9365245125005,
            "min": 2005.42734,
            "med": 2008.4096975
        },
        "http_req_tls_handshaking": {
            "max": 75.730553,
            "p(90)": 0,
            "p(95)": 8.190341,
            "avg": 1.537741173016865,
            "min": 0,
            "med": 0
        },
        "order_request": {
            "min": 5.119062,
            "med": 7.6000975,
            "max": 6018.125694,
            "p(90)": 213.25353840000005,
            "p(95)": 3376.2202589999997,
            "avg": 263.7951743049998,
            "thresholds": {
                "p(95)<2000": true
            }
        },
        "http_req_receiving": {
            "med": 0.049721,
            "max": 1.318481,
            "p(90)": 0.081398,
            "p(95)": 0.097442,
            "avg": 0.057992565896314845,
            "min": 0.017189
        },
        "vus": {
            "value": 7,
            "min": 7,
            "max": 100
        },
        "successful_bookings": {
            "rate": 0.43881161545896735,
            "count": 16
        },
        "http_req_failed": {
            "fails": 17,
            "passes": 1584,
            "thresholds": {
                "rate<0.99": false
            },
            "value": 0.9893816364772018
        },
        "vus_max": {
            "value": 100,
            "min": 100,
            "max": 100
        },
        "failed_bookings": {
            "count": 1584,
            "rate": 43.44234993043777
        },
        "order_success": {
            "passes": 16,
            "fails": 1584,
            "thresholds": {
                "rate>0": false
            },
            "value": 0.01
        },
        "iterations": {
            "count": 1600,
            "rate": 43.88116154589674
        },
        "http_req_connecting": {
            "min": 0,
            "med": 0,
            "max": 10.312192,
            "p(90)": 0,
            "p(95)": 3.119519,
            "avg": 0.29778891880074965
        }
    },
    "setup_data": {
        "seats": [
            "79cd17f8-e160-4e8b-9c8a-aefb59ee287a",
            "70910468-5a2d-4b0b-88d9-1427ae167237",
            "af24bb02-ad5a-4fda-9810-aa54bf86c840",
            "57c2fbf6-52de-4eaf-bc16-d335a9f9b54a",
            "b583919f-d650-460b-af24-2864c9acf791",
            "d6aafba3-1d91-463a-8320-4671c8b00912",
            "f6b7a2ce-219b-49fb-a105-9609613ef1ca",
            "b2df57f9-1229-4e60-a92e-c364c0e5c9e6",
            "a2858ab4-05a0-45e1-894c-fbf7e50b71c1",
            "c1c8a266-6118-4ac4-a9ae-7c84914460c4",
            "aecf880d-b9b9-4d15-b864-2ed786822933",
            "1231d06a-d5c9-49bb-9a26-29f3a313d6f1",
            "87766d31-439f-406c-aa4d-6f2e0d17f1a2",
            "7ed51c1e-0c01-4d3e-a91d-ef0cdbe1e1b1",
            "3c6cf1f2-1fcc-44e3-b4b6-03827016fec2",
            "24162129-e174-439e-a68f-676c5bcd75b8"
        ],
        "tokenData": {
            "access_token": "eyJhbGciOiJSUzI1NiIsInR5cCIgOiAiSldUIiwia2lkIiA6ICJ2N2JYX3RuankyNWMzUzF3VWRmV2Nlcmt0THVZazhYTEszcWJjamhKME9vIn0.eyJleHAiOjE3NjE0MjM5MDQsImlhdCI6MTc2MTQyMzMwNCwianRpIjoib25ydHJvOjIyMmU3YjJhLTlkMTAtNWU0NC01MmYyLWMxZDU4MjRjZmMyMSIsImlzcyI6Imh0dHBzOi8vYXV0aC5kcGl5dW1hbC5tZS9yZWFsbXMvZXZlbnQtdGlja2V0aW5nIiwiYXVkIjoiYWNjb3VudCIsInN1YiI6IjUyMTNlNGU4LWU0NjktNGY1ZS05ZDNhLTY0OTY5ZTExNDYyNSIsInR5cCI6IkJlYXJlciIsImF6cCI6ImxvZ2luLXRlc3RpbmciLCJzaWQiOiJiMTcyZDc5My1kZmE5LTRkOGEtODg1OS1iMTNmNTQyNzExM2QiLCJyZWFsbV9hY2Nlc3MiOnsicm9sZXMiOlsiZGVmYXVsdC1yb2xlcy1ldmVudC10aWNrZXRpbmciLCJvZmZsaW5lX2FjY2VzcyIsInVtYV9hdXRob3JpemF0aW9uIl19LCJyZXNvdXJjZV9hY2Nlc3MiOnsiYWNjb3VudCI6eyJyb2xlcyI6WyJtYW5hZ2UtYWNjb3VudCIsIm1hbmFnZS1hY2NvdW50LWxpbmtzIiwidmlldy1wcm9maWxlIl19fSwic2NvcGUiOiJncm91cF9tZW1iZXJzaGlwIGludGVybmFsLWFwaSIsInVzZXJfZ3JvdXBzIjpbIi9UaWVycy9QUk8iLCIvUGVybWlzc2lvbnMvVXNlcnMiXX0.DFieAl9SiQCVw6drxu1SWG53_KAaDxWI6_uAaYWwVYJY4Z4VQU_qlqW8c3Cbyrbg4d8L2qbLEWOb82j7EhpEIO69b_TGTt3AflLvlntSDXe8iRdAbwjfWUi-ep3KuVSP6x7_hREMzWl-jaEYm3wqF7e7YxNvOS_DcHqBeeFo1l4BMAfMAhj0USAjKTylWFXKstt9122rHJZgSQyNehLYdKUcb6D4CVFeBg8l4h7PRaRLyNbcCHMnEON1iTQUmea37CD5AWGWlhhy4z-Wmud2-O2PWIEfbSKmaPljLG9kpnyZN9Nokie3qkwvdQ-Uv3hzhOuzVvsjZcUjHfpmkR6fMg",
            "expires_at": 1761423874263,
            "expires_in": 600
        }
    },
    "root_group": {
        "name": "",
        "path": "",
        "id": "d41d8cd98f00b204e9800998ecf8427e",
        "groups": {},
        "checks": {}
    }
}