{
    "root_group": {
        "name": "",
        "path": "",
        "id": "d41d8cd98f00b204e9800998ecf8427e",
        "groups": {},
        "checks": {}
    },
    "metrics": {
        "data_sent": {
            "count": 33687605,
            "rate": 101928.25144478057
        },
        "http_req_connecting": {
            "p(95)": 0,
            "avg": 0.028283927208910493,
            "min": 0,
            "med": 0,
            "max": 12.60823,
            "p(90)": 0
        },
        "http_req_waiting": {
            "p(90)": 3105.2027411000004,
            "p(95)": 3334.122893099997,
            "avg": 2042.6015960041962,
            "min": 9.012261,
            "med": 1984.340556,
            "max": 10000.871287
        },
        "http_req_duration": {
            "med": 1984.462616,
            "max": 10000.927297,
            "p(90)": 3105.3212320000007,
            "p(95)": 3334.2119929499972,
            "avg": 2042.7352306529785,
            "min": 9.098594,
            "thresholds": {
                "p(95)<3000": true
            }
        },
        "http_reqs": {
            "count": 106840,
            "rate": 323.2647255380831
        },
        "vus_max": {
            "value": 1000,
            "min": 1000,
            "max": 1000
        },
        "http_req_tls_handshaking": {
            "avg": 0.044813268111194314,
            "min": 0,
            "med": 0,
            "max": 53.980479,
            "p(90)": 0,
            "p(95)": 0
        },
        "order_success": {
            "fails": 213666,
            "passes": 12,
            "value": 0.00005615926768314941
        },
        "server_errors_5xx": {
            "rate": 0.027231210500212915,
            "count": 9,
            "thresholds": {
                "count<10": false
            }
        },
        "http_req_blocked": {
            "min": 0.000177,
            "med": 0.000387,
            "max": 57.395829,
            "p(90)": 0.000487,
            "p(95)": 0.000548,
            "avg": 0.0748841204604996
        },
        "http_req_sending": {
            "min": 0.026824,
            "med": 0.0515995,
            "max": 12.149706,
            "p(90)": 0.071822,
            "p(95)": 0.08168129999999993,
            "avg": 0.055623168597903734
        },
        "successful_bookings": {
            "count": 6,
            "rate": 0.018154140333475278
        },
        "http_req_failed": {
            "fails": 106809,
            "passes": 31,
            "value": 0.00029015350056158743
        },
        "http_req_receiving": {
            "avg": 0.0780114802040435,
            "min": 0,
            "med": 0.052402,
            "max": 25.822259,
            "p(90)": 0.112483,
            "p(95)": 0.15352719999999972
        },
        "order_expected": {
            "passes": 213616,
            "fails": 62,
            "thresholds": {
                "rate>0.95": false
            },
            "value": 0.999709843783637
        },
        "data_received": {
            "count": 27452417,
            "rate": 83062.50511851373
        },
        "vus": {
            "value": 1,
            "min": 1,
            "max": 1000
        },
        "iteration_duration": {
            "avg": 2043.082116980677,
            "min": 9.317278,
            "med": 1984.734806,
            "max": 10001.191445,
            "p(90)": 3105.6564246000003,
            "p(95)": 3334.446583199998
        },
        "unexpected_failures": {
            "count": 31,
            "rate": 0.09379639172295559
        },
        "order_request": {
            "avg": 2042.7534715335712,
            "min": 9.098594,
            "med": 1984.46282,
            "max": 10000.927297,
            "p(90)": 3105.330748,
            "p(95)": 3334.2250248999976,
            "thresholds": {
                "p(95)<3000": true
            }
        },
        "seat_already_locked": {
            "count": 106802,
            "rate": 323.14974931597106
        },
        "iterations": {
            "rate": 323.2616998480275,
            "count": 106839
        },
        "http_req_duration{expected_response:true}": {
            "med": 1984.189213,
            "max": 9996.082288,
            "p(90)": 3105.0097776000002,
            "p(95)": 3330.9024017999986,
            "avg": 2041.0685072828526,
            "min": 9.098594
        }
    },
    "setup_data": {
        "tokenData": {
            "access_token": "eyJhbGciOiJSUzI1NiIsInR5cCIgOiAiSldUIiwia2lkIiA6ICJ2N2JYX3RuankyNWMzUzF3VWRmV2Nlcmt0THVZazhYTEszcWJjamhKME9vIn0.eyJleHAiOjE3NjExNTE4NDAsImlhdCI6MTc2MTE1MTI0MCwianRpIjoib25ydHJvOjhjNjZmMWJkLTc3ZTktYTQwOS1jODRjLTliMDlhZmE5MWZiOSIsImlzcyI6Imh0dHBzOi8vYXV0aC5kcGl5dW1hbC5tZS9yZWFsbXMvZXZlbnQtdGlja2V0aW5nIiwiYXVkIjoiYWNjb3VudCIsInN1YiI6IjUyMTNlNGU4LWU0NjktNGY1ZS05ZDNhLTY0OTY5ZTExNDYyNSIsInR5cCI6IkJlYXJlciIsImF6cCI6ImxvZ2luLXRlc3RpbmciLCJzaWQiOiI3MDdlNjU1Yy05ZmJjLTRkODAtODAwOC1kYTU2NzRmNWUzOWYiLCJyZWFsbV9hY2Nlc3MiOnsicm9sZXMiOlsiZGVmYXVsdC1yb2xlcy1ldmVudC10aWNrZXRpbmciLCJvZmZsaW5lX2FjY2VzcyIsInVtYV9hdXRob3JpemF0aW9uIl19LCJyZXNvdXJjZV9hY2Nlc3MiOnsiYWNjb3VudCI6eyJyb2xlcyI6WyJtYW5hZ2UtYWNjb3VudCIsIm1hbmFnZS1hY2NvdW50LWxpbmtzIiwidmlldy1wcm9maWxlIl19fSwic2NvcGUiOiJncm91cF9tZW1iZXJzaGlwIGludGVybmFsLWFwaSIsInVzZXJfZ3JvdXBzIjpbIi9UaWVycy9QUk8iLCIvUGVybWlzc2lvbnMvVXNlcnMiXX0.UrHQiwsYUhpW_IGGQCKcoNyykSwObWSKuaI0EEqtsXRu7LS8cVM8axff6T_5l6HtCPB4xuMCrn9wl3Q2ZoEkWTsCKfyN-r5PCqN_D6iCJiS0WORftRxC4x1w4IOXuR_EA0rl_0Ctc7HWvbmL6PM146I89i_5Z0w2_DhZ__fBQoyA1ElUYOIaGUERlB-IYOAr515OyTor8eBYvFzCL64RhulTIdBMV9-T7QYkgYnW7I4_doYeYqQfYhnCu0ZJdmG6npxv7haI90RVNZ58urx6fIjxTQaVJreuxZBfXl3pny7ZiW3BYuZ4ZXhgCgnGkfzPz1_7kpvXIeq195PpjGdHJw",
            "expires_at": 1761151810074,
            "expires_in": 600
        },
        "seats": [
            "79cd17f8-e160-4e8b-9c8a-aefb59ee287a",
            "70910468-5a2d-4b0b-88d9-1427ae167237",
            "af24bb02-ad5a-4fda-9810-aa54bf86c840",
            "57c2fbf6-52de-4eaf-bc16-d335a9f9b54a",
            "b583919f-d650-460b-af24-2864c9acf791",
            "d6aafba3-1d91-463a-8320-4671c8b00912",
            "f6b7a2ce-219b-49fb-a105-9609613ef1ca",
            "b2df57f9-1229-4e60-a92e-c364c0e5c9e6",
            "a2858ab4-05a0-45e1-894c-fbf7e50b71c1",
            "c1c8a266-6118-4ac4-a9ae-7c84914460c4",
            "aecf880d-b9b9-4d15-b864-2ed786822933",
            "1231d06a-d5c9-49bb-9a26-29f3a313d6f1",
            "87766d31-439f-406c-aa4d-6f2e0d17f1a2",
            "7ed51c1e-0c01-4d3e-a91d-ef0cdbe1e1b1",
            "3c6cf1f2-1fcc-44e3-b4b6-03827016fec2",
            "24162129-e174-439e-a68f-676c5bcd75b8"
        ]
    }
}