{
    "root_group": {
        "groups": {},
        "checks": {},
        "name": "",
        "path": "",
        "id": "d41d8cd98f00b204e9800998ecf8427e"
    },
    "metrics": {
        "http_req_waiting": {
            "p(95)": 91.82470574999999,
            "avg": 37.88155177009811,
            "min": 3.936784,
            "med": 15.37735,
            "max": 2133.280433,
            "p(90)": 85.5498036
        },
        "data_sent": {
            "count": 3819675,
            "rate": 156366.67190351686
        },
        "data_received": {
            "count": 3393579,
            "rate": 138923.50895604072
        },
        "iteration_duration": {
            "min": 4.392042,
            "med": 15.809645,
            "max": 2174.931901,
            "p(90)": 85.9405074,
            "p(95)": 92.24407079999999,
            "avg": 38.30161360243287
        },
        "order_request": {
            "avg": 38.02223679448963,
            "min": 4.179365,
            "med": 15.523196,
            "max": 2133.668231,
            "p(90)": 85.6656732,
            "p(95)": 91.96360419999999,
            "thresholds": {
                "p(95)<3000": false
            }
        },
        "order_success": {
            "passes": 32,
            "fails": 24794,
            "value": 0.0012889712398292113
        },
        "http_req_duration": {
            "avg": 38.02402757443208,
            "min": 4.179365,
            "med": 15.5264855,
            "max": 2133.668231,
            "p(90)": 85.6656263,
            "p(95)": 91.96197054999996,
            "thresholds": {
                "p(95)<3000": false
            }
        },
        "server_errors_5xx": {
            "rate": 0,
            "count": 0,
            "thresholds": {
                "count<10": false
            }
        },
        "order_expected": {
            "passes": 24826,
            "fails": 0,
            "thresholds": {
                "rate>0.95": false
            },
            "value": 1
        },
        "http_req_duration{expected_response:true}": {
            "med": 15.5264855,
            "max": 2133.668231,
            "p(90)": 85.6656263,
            "p(95)": 91.96197054999996,
            "avg": 38.02402757443208,
            "min": 4.179365
        },
        "vus_max": {
            "value": 100,
            "min": 100,
            "max": 100
        },
        "http_req_tls_handshaking": {
            "min": 0,
            "med": 0,
            "max": 9.374187,
            "p(90)": 0,
            "p(95)": 0,
            "avg": 0.01595805775737071
        },
        "seat_already_locked": {
            "count": 12397,
            "rate": 507.4980545695376
        },
        "http_reqs": {
            "count": 12414,
            "rate": 508.1939864020521
        },
        "iterations": {
            "count": 12413,
            "rate": 508.15304923543357
        },
        "http_req_sending": {
            "med": 0.063339,
            "max": 1.997615,
            "p(90)": 0.0832372,
            "p(95)": 0.09413929999999988,
            "avg": 0.06731298920573553,
            "min": 0.038725
        },
        "http_req_connecting": {
            "avg": 0.009688479942000967,
            "min": 0,
            "med": 0,
            "max": 4.1958,
            "p(90)": 0,
            "p(95)": 0
        },
        "successful_bookings": {
            "count": 16,
            "rate": 0.6549946658959911
        },
        "http_req_failed": {
            "passes": 0,
            "fails": 12414,
            "value": 0
        },
        "http_req_blocked": {
            "p(95)": 0.000551,
            "avg": 0.035822656758498016,
            "min": 0.000205,
            "med": 0.000414,
            "max": 95.291372,
            "p(90)": 0.000505
        },
        "vus": {
            "value": 39,
            "min": 1,
            "max": 39
        },
        "http_req_receiving": {
            "min": 0.016188,
            "med": 0.047835,
            "max": 4.558363,
            "p(90)": 0.11692170000000003,
            "p(95)": 0.1785186999999993,
            "avg": 0.07516281512808133
        }
    },
    "setup_data": {
        "seats": [
            "79cd17f8-e160-4e8b-9c8a-aefb59ee287a",
            "70910468-5a2d-4b0b-88d9-1427ae167237",
            "af24bb02-ad5a-4fda-9810-aa54bf86c840",
            "57c2fbf6-52de-4eaf-bc16-d335a9f9b54a",
            "b583919f-d650-460b-af24-2864c9acf791",
            "d6aafba3-1d91-463a-8320-4671c8b00912",
            "f6b7a2ce-219b-49fb-a105-9609613ef1ca",
            "b2df57f9-1229-4e60-a92e-c364c0e5c9e6",
            "a2858ab4-05a0-45e1-894c-fbf7e50b71c1",
            "c1c8a266-6118-4ac4-a9ae-7c84914460c4",
            "aecf880d-b9b9-4d15-b864-2ed786822933",
            "1231d06a-d5c9-49bb-9a26-29f3a313d6f1",
            "87766d31-439f-406c-aa4d-6f2e0d17f1a2",
            "7ed51c1e-0c01-4d3e-a91d-ef0cdbe1e1b1",
            "3c6cf1f2-1fcc-44e3-b4b6-03827016fec2",
            "24162129-e174-439e-a68f-676c5bcd75b8"
        ],
        "tokenData": {
            "access_token": "eyJhbGciOiJSUzI1NiIsInR5cCIgOiAiSldUIiwia2lkIiA6ICJ2N2JYX3RuankyNWMzUzF3VWRmV2Nlcmt0THVZazhYTEszcWJjamhKME9vIn0.eyJleHAiOjE3NjExNTU0OTYsImlhdCI6MTc2MTE1NDg5NiwianRpIjoib25ydHJvOjY1YTE0NWRkLTk0NDAtYmNjYS0yMDZhLTk1MTIyZWYzM2JkMyIsImlzcyI6Imh0dHBzOi8vYXV0aC5kcGl5dW1hbC5tZS9yZWFsbXMvZXZlbnQtdGlja2V0aW5nIiwiYXVkIjoiYWNjb3VudCIsInN1YiI6IjUyMTNlNGU4LWU0NjktNGY1ZS05ZDNhLTY0OTY5ZTExNDYyNSIsInR5cCI6IkJlYXJlciIsImF6cCI6ImxvZ2luLXRlc3RpbmciLCJzaWQiOiIxODdmNzkzYy05NjYzLTRmNTgtOGY4ZC1mNTE0NzFjNDNkNzEiLCJyZWFsbV9hY2Nlc3MiOnsicm9sZXMiOlsiZGVmYXVsdC1yb2xlcy1ldmVudC10aWNrZXRpbmciLCJvZmZsaW5lX2FjY2VzcyIsInVtYV9hdXRob3JpemF0aW9uIl19LCJyZXNvdXJjZV9hY2Nlc3MiOnsiYWNjb3VudCI6eyJyb2xlcyI6WyJtYW5hZ2UtYWNjb3VudCIsIm1hbmFnZS1hY2NvdW50LWxpbmtzIiwidmlldy1wcm9maWxlIl19fSwic2NvcGUiOiJncm91cF9tZW1iZXJzaGlwIGludGVybmFsLWFwaSIsInVzZXJfZ3JvdXBzIjpbIi9UaWVycy9QUk8iLCIvUGVybWlzc2lvbnMvVXNlcnMiXX0.C_WTkR5k9icQ2ppLyCpgHXgo1LGsdKQPiWA5YU7DNiwwitw-qIWz1aPjagvW1aGruHCld_1rf6xopGF8OhHLLzoRiGyYSAF_dq-rg6ifZBHk-d1bGXTtXps7qb0-QMIQtSBOggS4e1IivvJBarLb9AlC5W9t11Fdb6p7qWyZCvVWAXPaQzPeUJddVAAuZ-tqKYctgG5szlDh1Q1ihEhEp7gNLU_-NGTp9MkZ7SV2CPPNRTEoqw9EiCRs6ErZ2GV5OPAIL0BL-augKPB7uzT5y1fHz43wKxXR0E7S0A0tKcUfnbAlimgCgtqyqKTX8AZ0f-3RzwX9AJ2BZDrzcuMRog",
            "expires_at": 1761155466321,
            "expires_in": 600
        }
    }
}