{
    "metrics": {
        "data_sent": {
            "rate": 8084.705240729714,
            "count": 34434
        },
        "order_success": {
            "passes": 6,
            "fails": 148,
            "value": 0.03896103896103896
        },
        "iterations": {
            "count": 77,
            "rate": 18.078710098628914
        },
        "http_req_duration": {
            "max": 2149.00468,
            "p(90)": 24.474918499999998,
            "p(95)": 80.982049499999,
            "avg": 84.6396666153846,
            "min": 10.717876,
            "med": 14.9779155,
            "thresholds": {
                "p(95)<3000": false
            }
        },
        "successful_bookings": {
            "count": 3,
            "rate": 0.7043653285180096
        },
        "http_req_sending": {
            "avg": 0.09373615384615383,
            "min": 0.055129,
            "med": 0.08447550000000001,
            "max": 0.291917,
            "p(90)": 0.12775229999999999,
            "p(95)": 0.17585159999999994
        },
        "vus_max": {
            "value": 100,
            "min": 100,
            "max": 100
        },
        "seat_already_locked": {
            "count": 74,
            "rate": 17.374344770110902
        },
        "http_req_blocked": {
            "avg": 2.4371033461538465,
            "min": 0.000249,
            "med": 0.0004905,
            "max": 79.334762,
            "p(90)": 0.0009035999999999997,
            "p(95)": 7.132966449999998
        },
        "http_req_duration{expected_response:true}": {
            "avg": 1310.2453805,
            "min": 56.114662,
            "med": 1517.93109,
            "max": 2149.00468,
            "p(90)": 2051.9033995,
            "p(95)": 2100.45403975
        },
        "server_errors_5xx": {
            "count": 0,
            "rate": 0,
            "thresholds": {
                "count<10": false
            }
        },
        "iteration_duration": {
            "p(90)": 24.978521600000004,
            "p(95)": 107.37903760000052,
            "avg": 86.77544836363634,
            "min": 10.956225,
            "med": 15.098942,
            "max": 2149.416918
        },
        "order_request": {
            "avg": 85.01012122077921,
            "min": 10.717876,
            "med": 14.728146,
            "max": 2149.00468,
            "p(90)": 23.562593600000007,
            "p(95)": 86.85170500000032,
            "thresholds": {
                "p(95)<3000": false
            }
        },
        "http_req_connecting": {
            "p(90)": 0,
            "p(95)": 2.6092026999999995,
            "avg": 0.2510850128205128,
            "min": 0,
            "med": 0,
            "max": 3.619735
        },
        "vus": {
            "min": 1,
            "max": 6,
            "value": 6
        },
        "order_expected": {
            "fails": 0,
            "passes": 154,
            "thresholds": {
                "rate>0.95": false
            },
            "value": 1
        },
        "data_received": {
            "rate": 11686.125165442298,
            "count": 49773
        },
        "http_req_receiving": {
            "max": 0.301432,
            "p(90)": 0.1279389,
            "p(95)": 0.15481494999999984,
            "avg": 0.07807864102564105,
            "min": 0.034963,
            "med": 0.065788
        },
        "http_reqs": {
            "count": 78,
            "rate": 18.31349854146825
        },
        "http_req_waiting": {
            "max": 2148.830929,
            "p(90)": 24.342678499999998,
            "p(95)": 80.682532899999,
            "avg": 84.4678518205128,
            "min": 10.55312,
            "med": 14.830311
        },
        "http_req_tls_handshaking": {
            "avg": 0.4432963717948718,
            "min": 0,
            "med": 0,
            "max": 9.807558,
            "p(90)": 0,
            "p(95)": 4.275868149999999
        },
        "http_req_failed": {
            "passes": 74,
            "fails": 4,
            "value": 0.9487179487179487
        }
    },
    "setup_data": {
        "tokenData": {
            "expires_in": 600,
            "access_token": "eyJhbGciOiJSUzI1NiIsInR5cCIgOiAiSldUIiwia2lkIiA6ICJ2N2JYX3RuankyNWMzUzF3VWRmV2Nlcmt0THVZazhYTEszcWJjamhKME9vIn0.eyJleHAiOjE3NjExNDg2MjMsImlhdCI6MTc2MTE0ODAyMywianRpIjoib25ydHJvOjI2MDk5Y2U0LTk0YTktMmM4OS03MjBiLTc0MWE0ZTFhZDgzZiIsImlzcyI6Imh0dHBzOi8vYXV0aC5kcGl5dW1hbC5tZS9yZWFsbXMvZXZlbnQtdGlja2V0aW5nIiwiYXVkIjoiYWNjb3VudCIsInN1YiI6IjUyMTNlNGU4LWU0NjktNGY1ZS05ZDNhLTY0OTY5ZTExNDYyNSIsInR5cCI6IkJlYXJlciIsImF6cCI6ImxvZ2luLXRlc3RpbmciLCJzaWQiOiIxZmE5MWVmNC0zODdkLTQ1ZGQtYWViYS00ODg1MGVkMTVmNjgiLCJyZWFsbV9hY2Nlc3MiOnsicm9sZXMiOlsiZGVmYXVsdC1yb2xlcy1ldmVudC10aWNrZXRpbmciLCJvZmZsaW5lX2FjY2VzcyIsInVtYV9hdXRob3JpemF0aW9uIl19LCJyZXNvdXJjZV9hY2Nlc3MiOnsiYWNjb3VudCI6eyJyb2xlcyI6WyJtYW5hZ2UtYWNjb3VudCIsIm1hbmFnZS1hY2NvdW50LWxpbmtzIiwidmlldy1wcm9maWxlIl19fSwic2NvcGUiOiJncm91cF9tZW1iZXJzaGlwIGludGVybmFsLWFwaSIsInVzZXJfZ3JvdXBzIjpbIi9UaWVycy9QUk8iLCIvUGVybWlzc2lvbnMvVXNlcnMiXX0.eiTXtEDe0xD14q255KY4Igw4yFZxYozz70nNDKBrC9caInnZqUToKXYPYIP3GTHxA4GrTLsbirvk4uky-T2ej79O2r-Glko2DqSCPA7Ll-PcowWLKYkjMmNCnP9cSzdhZc8tTJPoqTLDA0Z_rhzrGYVuMIVAOQFDeSLndwAMX_pkV3wh8_HMVZo8BPKPPqML_XbFLL8es2S5C9fjkQLCia1d5uInVK92969GFHD4gclP5RD2gRZRgUHzkAfKES-Rq5W5cUOqKbtLCdYJ6lbmUGo0OanTordUNtEEOwloV5kawFvNLh7eeJv6G7rupqZde7cmYS-HEyrfzonYBog9-w",
            "expires_at": 1761148593399
        },
        "seats": [
            "79cd17f8-e160-4e8b-9c8a-aefb59ee287a",
            "70910468-5a2d-4b0b-88d9-1427ae167237",
            "af24bb02-ad5a-4fda-9810-aa54bf86c840",
            "57c2fbf6-52de-4eaf-bc16-d335a9f9b54a",
            "b583919f-d650-460b-af24-2864c9acf791",
            "d6aafba3-1d91-463a-8320-4671c8b00912",
            "f6b7a2ce-219b-49fb-a105-9609613ef1ca",
            "b2df57f9-1229-4e60-a92e-c364c0e5c9e6",
            "a2858ab4-05a0-45e1-894c-fbf7e50b71c1",
            "c1c8a266-6118-4ac4-a9ae-7c84914460c4",
            "aecf880d-b9b9-4d15-b864-2ed786822933",
            "1231d06a-d5c9-49bb-9a26-29f3a313d6f1",
            "87766d31-439f-406c-aa4d-6f2e0d17f1a2",
            "7ed51c1e-0c01-4d3e-a91d-ef0cdbe1e1b1",
            "3c6cf1f2-1fcc-44e3-b4b6-03827016fec2",
            "24162129-e174-439e-a68f-676c5bcd75b8"
        ]
    },
    "root_group": {
        "name": "",
        "path": "",
        "id": "d41d8cd98f00b204e9800998ecf8427e",
        "groups": {},
        "checks": {}
    }
}