{
    "metrics": {
        "http_req_duration": {
            "avg": 2273.290792389918,
            "min": 5.156771,
            "med": 2213.167001,
            "max": 10001.109474,
            "p(90)": 3822.436885600001,
            "p(95)": 4632.452244699999,
            "thresholds": {
                "p(95)<3000": true
            }
        },
        "http_req_waiting": {
            "avg": 2273.154155963746,
            "min": 5.02242,
            "med": 2213.055115,
            "max": 10001.047032,
            "p(90)": 3822.3607786000007,
            "p(95)": 4632.3201788999995
        },
        "http_req_receiving": {
            "max": 25.144338,
            "p(90)": 0.1084804000000001,
            "p(95)": 0.14671739999999991,
            "avg": 0.08000423505889036,
            "min": 0,
            "med": 0.052621
        },
        "unexpected_failures": {
            "count": 167,
            "rate": 0.505791674106189
        },
        "http_req_duration{expected_response:true}": {
            "med": 2210.0076465,
            "max": 9998.851257,
            "p(90)": 3811.807896700001,
            "p(95)": 4586.90437325,
            "avg": 2260.527800918839,
            "min": 5.156771
        },
        "iterations": {
            "count": 96026,
            "rate": 290.83324130371795
        },
        "seat_already_locked": {
            "count": 95853,
            "rate": 290.30927747365587
        },
        "http_reqs": {
            "count": 96027,
            "rate": 290.83626999637727
        },
        "data_received": {
            "count": 25888391,
            "rate": 78407.97978326704
        },
        "http_req_tls_handshaking": {
            "avg": 0.0478377202453476,
            "min": 0,
            "med": 0,
            "max": 18.654595,
            "p(90)": 0,
            "p(95)": 0
        },
        "http_req_blocked": {
            "avg": 0.08167832659564259,
            "min": 0.000188,
            "med": 0.000383,
            "max": 85.181054,
            "p(90)": 0.000488,
            "p(95)": 0.00055
        },
        "iteration_duration": {
            "avg": 2273.6490249925882,
            "min": 5.395132,
            "med": 2213.430728,
            "max": 10001.432742,
            "p(90)": 3822.8266114999997,
            "p(95)": 4632.7156095
        },
        "vus_max": {
            "max": 1000,
            "value": 1000,
            "min": 1000
        },
        "order_expected": {
            "passes": 191718,
            "fails": 334,
            "thresholds": {
                "rate>0.95": false
            },
            "value": 0.9982608876762543
        },
        "order_request": {
            "max": 10001.109474,
            "p(90)": 3822.4503539999996,
            "p(95)": 4632.46849875,
            "avg": 2273.3136119362744,
            "min": 5.156771,
            "med": 2213.174408,
            "thresholds": {
                "p(95)<3000": true
            }
        },
        "server_errors_5xx": {
            "rate": 0.02725823393386647,
            "count": 9,
            "thresholds": {
                "count<10": false
            }
        },
        "data_sent": {
            "rate": 92194.99158460852,
            "count": 30440524
        },
        "order_success": {
            "passes": 12,
            "fails": 192040,
            "value": 0.00006248307749984379
        },
        "successful_bookings": {
            "count": 6,
            "rate": 0.01817215595591098
        },
        "http_req_failed": {
            "passes": 167,
            "fails": 95860,
            "value": 0.001739094213085903
        },
        "http_req_connecting": {
            "p(95)": 0,
            "avg": 0.031180326033303084,
            "min": 0,
            "med": 0,
            "max": 12.70303,
            "p(90)": 0
        },
        "http_req_sending": {
            "avg": 0.0566321911025022,
            "min": 0.026656,
            "med": 0.05279,
            "max": 5.153703,
            "p(90)": 0.07219520000000001,
            "p(95)": 0.0820238
        },
        "vus": {
            "value": 13,
            "min": 4,
            "max": 1000
        }
    },
    "setup_data": {
        "seats": [
            "79cd17f8-e160-4e8b-9c8a-aefb59ee287a",
            "70910468-5a2d-4b0b-88d9-1427ae167237",
            "af24bb02-ad5a-4fda-9810-aa54bf86c840",
            "57c2fbf6-52de-4eaf-bc16-d335a9f9b54a",
            "b583919f-d650-460b-af24-2864c9acf791",
            "d6aafba3-1d91-463a-8320-4671c8b00912",
            "f6b7a2ce-219b-49fb-a105-9609613ef1ca",
            "b2df57f9-1229-4e60-a92e-c364c0e5c9e6",
            "a2858ab4-05a0-45e1-894c-fbf7e50b71c1",
            "c1c8a266-6118-4ac4-a9ae-7c84914460c4",
            "aecf880d-b9b9-4d15-b864-2ed786822933",
            "1231d06a-d5c9-49bb-9a26-29f3a313d6f1",
            "87766d31-439f-406c-aa4d-6f2e0d17f1a2",
            "7ed51c1e-0c01-4d3e-a91d-ef0cdbe1e1b1",
            "3c6cf1f2-1fcc-44e3-b4b6-03827016fec2",
            "24162129-e174-439e-a68f-676c5bcd75b8"
        ],
        "tokenData": {
            "access_token": "eyJhbGciOiJSUzI1NiIsInR5cCIgOiAiSldUIiwia2lkIiA6ICJ2N2JYX3RuankyNWMzUzF3VWRmV2Nlcmt0THVZazhYTEszcWJjamhKME9vIn0.eyJleHAiOjE3NjExNTM1NjksImlhdCI6MTc2MTE1Mjk2OSwianRpIjoib25ydHJvOjE0YTZlYmZkLTc4ZDAtNTUyYS0wMTJjLTZkY2ZkOGUwYjA3NyIsImlzcyI6Imh0dHBzOi8vYXV0aC5kcGl5dW1hbC5tZS9yZWFsbXMvZXZlbnQtdGlja2V0aW5nIiwiYXVkIjoiYWNjb3VudCIsInN1YiI6IjUyMTNlNGU4LWU0NjktNGY1ZS05ZDNhLTY0OTY5ZTExNDYyNSIsInR5cCI6IkJlYXJlciIsImF6cCI6ImxvZ2luLXRlc3RpbmciLCJzaWQiOiJjODEzMmQ1My1mYzA0LTRiOGQtYjdjMC0yMTE2NzllMWFlZWIiLCJyZWFsbV9hY2Nlc3MiOnsicm9sZXMiOlsiZGVmYXVsdC1yb2xlcy1ldmVudC10aWNrZXRpbmciLCJvZmZsaW5lX2FjY2VzcyIsInVtYV9hdXRob3JpemF0aW9uIl19LCJyZXNvdXJjZV9hY2Nlc3MiOnsiYWNjb3VudCI6eyJyb2xlcyI6WyJtYW5hZ2UtYWNjb3VudCIsIm1hbmFnZS1hY2NvdW50LWxpbmtzIiwidmlldy1wcm9maWxlIl19fSwic2NvcGUiOiJncm91cF9tZW1iZXJzaGlwIGludGVybmFsLWFwaSIsInVzZXJfZ3JvdXBzIjpbIi9UaWVycy9QUk8iLCIvUGVybWlzc2lvbnMvVXNlcnMiXX0.Fc7pSwUNrNuDXwxVwGhgxiZKB8KOShl6hH_WGGYgRgWRg7LrupSrH9XE4R4FxMgRXNt07BvQABC0bSlrioVdaHhamHaoR-2KXTlvpLkfLHWvsOzYhxudAAzdeWvoyYbnzPussqOQp-hqe21_ZH07Uu3N72CLp5N1ijaCBhDSWAy0oSHPwukN4aygI8evyhvP_XQBgyCDgLMdCsTqQ7dS6-7Hbv9H9dydLkuFFYzY-6ZfVlyLBUpANNxFD5FfEpzA4hxJyKboeObffoVe6wZWBAdbEXpuFA43QA0wA6GdCof5bVyLL23qC97Z7Q6idwJvcNsGBO2ALwdZzBmF6FMFnw",
            "expires_at": 1761153539870,
            "expires_in": 600
        }
    },
    "root_group": {
        "path": "",
        "id": "d41d8cd98f00b204e9800998ecf8427e",
        "groups": {},
        "checks": {},
        "name": ""
    }
}