{
    "metrics": {
        "data_sent": {
            "count": 631062,
            "rate": 20451.605236332427
        },
        "order_success": {
            "passes": 16,
            "fails": 1584,
            "thresholds": {
                "rate>0": false
            },
            "value": 0.01
        },
        "http_req_receiving": {
            "p(95)": 0.174628,
            "avg": 0.07477633354153654,
            "min": 0.019093,
            "med": 0.050829,
            "max": 1.716876,
            "p(90)": 0.123299
        },
        "http_req_failed": {
            "passes": 1584,
            "fails": 17,
            "thresholds": {
                "rate<0.99": false
            },
            "value": 0.9893816364772018
        },
        "order_request": {
            "avg": 27.00769285000006,
            "min": 4.077974,
            "med": 11.8970675,
            "max": 279.196252,
            "p(90)": 60.44115610000023,
            "p(95)": 107.44897449999974,
            "thresholds": {
                "p(95)<2000": false
            }
        },
        "http_req_connecting": {
            "p(95)": 3.336637,
            "avg": 0.348593619612742,
            "min": 0,
            "med": 0,
            "max": 11.293554,
            "p(90)": 0
        },
        "http_req_waiting": {
            "max": 278.32704,
            "p(90)": 61.715976,
            "p(95)": 112.441536,
            "avg": 26.99076467207992,
            "min": 3.9503,
            "med": 11.728005
        },
        "data_received": {
            "count": 873574,
            "rate": 28310.990984600343
        },
        "http_req_duration{expected_response:true}": {
            "avg": 78.44144264705882,
            "min": 37.653024,
            "med": 50.249474,
            "max": 279.196252,
            "p(90)": 170.46345740000004,
            "p(95)": 236.24491919999994
        },
        "vus": {
            "min": 100,
            "max": 100,
            "value": 100
        },
        "http_req_tls_handshaking": {
            "min": 0,
            "med": 0,
            "max": 235.039939,
            "p(90)": 0,
            "p(95)": 27.019743,
            "avg": 5.23398726420987
        },
        "iteration_duration": {
            "avg": 1908.741938840625,
            "min": 168.485592,
            "med": 2011.0245425,
            "max": 2134.468448,
            "p(90)": 2048.0154004,
            "p(95)": 2056.68503415
        },
        "iterations": {
            "count": 1600,
            "rate": 51.853175089185974
        },
        "http_req_duration": {
            "max": 279.196252,
            "p(90)": 61.915474,
            "p(95)": 113.00485,
            "avg": 27.131677480324857,
            "min": 4.077974,
            "med": 11.90051,
            "thresholds": {
                "p(95)<2000": false
            }
        },
        "http_req_blocked": {
            "min": 0.000195,
            "med": 0.000379,
            "max": 253.407375,
            "p(90)": 0.000603,
            "p(95)": 38.74496,
            "avg": 6.064459007495298
        },
        "vus_max": {
            "value": 100,
            "min": 100,
            "max": 100
        },
        "http_reqs": {
            "count": 1601,
            "rate": 51.88558332361672
        },
        "http_req_sending": {
            "avg": 0.06613647470331052,
            "min": 0.030075,
            "med": 0.051863,
            "max": 0.926172,
            "p(90)": 0.104953,
            "p(95)": 0.147444
        },
        "successful_bookings": {
            "count": 16,
            "rate": 0.5185317508918598
        },
        "failed_bookings": {
            "count": 1584,
            "rate": 51.33464333829412
        },
        "seat_locked_400": {
            "count": 1584,
            "rate": 51.33464333829412
        }
    },
    "setup_data": {
        "seats": [
            "79cd17f8-e160-4e8b-9c8a-aefb59ee287a",
            "70910468-5a2d-4b0b-88d9-1427ae167237",
            "af24bb02-ad5a-4fda-9810-aa54bf86c840",
            "57c2fbf6-52de-4eaf-bc16-d335a9f9b54a",
            "b583919f-d650-460b-af24-2864c9acf791",
            "d6aafba3-1d91-463a-8320-4671c8b00912",
            "f6b7a2ce-219b-49fb-a105-9609613ef1ca",
            "b2df57f9-1229-4e60-a92e-c364c0e5c9e6",
            "a2858ab4-05a0-45e1-894c-fbf7e50b71c1",
            "c1c8a266-6118-4ac4-a9ae-7c84914460c4",
            "aecf880d-b9b9-4d15-b864-2ed786822933",
            "1231d06a-d5c9-49bb-9a26-29f3a313d6f1",
            "87766d31-439f-406c-aa4d-6f2e0d17f1a2",
            "7ed51c1e-0c01-4d3e-a91d-ef0cdbe1e1b1",
            "3c6cf1f2-1fcc-44e3-b4b6-03827016fec2",
            "24162129-e174-439e-a68f-676c5bcd75b8"
        ],
        "tokenData": {
            "expires_at": 1761161972674,
            "expires_in": 600,
            "access_token": "eyJhbGciOiJSUzI1NiIsInR5cCIgOiAiSldUIiwia2lkIiA6ICJ2N2JYX3RuankyNWMzUzF3VWRmV2Nlcmt0THVZazhYTEszcWJjamhKME9vIn0.eyJleHAiOjE3NjExNjIwMDIsImlhdCI6MTc2MTE2MTQwMiwianRpIjoib25ydHJvOjE0YzU4Nzk3LTBkMTYtYjU2OS1lNDk5LTBiZWFlYTZmMjZiNiIsImlzcyI6Imh0dHBzOi8vYXV0aC5kcGl5dW1hbC5tZS9yZWFsbXMvZXZlbnQtdGlja2V0aW5nIiwiYXVkIjoiYWNjb3VudCIsInN1YiI6IjUyMTNlNGU4LWU0NjktNGY1ZS05ZDNhLTY0OTY5ZTExNDYyNSIsInR5cCI6IkJlYXJlciIsImF6cCI6ImxvZ2luLXRlc3RpbmciLCJzaWQiOiI2NTZjZjM2OC0wNjlkLTRlZGItODEwZi1mMjE1MDY3ZWE5M2MiLCJyZWFsbV9hY2Nlc3MiOnsicm9sZXMiOlsiZGVmYXVsdC1yb2xlcy1ldmVudC10aWNrZXRpbmciLCJvZmZsaW5lX2FjY2VzcyIsInVtYV9hdXRob3JpemF0aW9uIl19LCJyZXNvdXJjZV9hY2Nlc3MiOnsiYWNjb3VudCI6eyJyb2xlcyI6WyJtYW5hZ2UtYWNjb3VudCIsIm1hbmFnZS1hY2NvdW50LWxpbmtzIiwidmlldy1wcm9maWxlIl19fSwic2NvcGUiOiJncm91cF9tZW1iZXJzaGlwIGludGVybmFsLWFwaSIsInVzZXJfZ3JvdXBzIjpbIi9UaWVycy9QUk8iLCIvUGVybWlzc2lvbnMvVXNlcnMiXX0.WOQUK3E5bkf1ULBjrsSwXxozHz_npUF_4M3oa1d5AwwS0vAzNJLiRBhFuIAscf1o_tckE94R2e6MoBX6TJ8WwdSbQID8585wG4HgZLHecv5zxxxk_APMOxh9Fad4t3ge4yBlh9G8sTiokXez-zgI-t-_4Ta7rMcxzYEdzUFwVaJ2obmTq6h4DD7hrVtRIgJFWM02fj61p4B5SF16jBhLpDofPKvP891LcQltbfE4Tj-U8i9gxueaDLmUE2Qal8y26FcsNyr3vKPTYhwGPDP1TUybEeRu3PwtIxzO6u_4yUMOxJ8zP7mXSQlc8mzFAjlrEpntmGVWZ_yZi6iQCQAuGA"
        }
    },
    "root_group": {
        "name": "",
        "path": "",
        "id": "d41d8cd98f00b204e9800998ecf8427e",
        "groups": {},
        "checks": {}
    }
}