{
    "metrics": {
        "order_success": {
            "passes": 16,
            "fails": 1584,
            "thresholds": {
                "rate>0": false
            },
            "value": 0.01
        },
        "failed_bookings": {
            "count": 1584,
            "rate": 47.894051060291524
        },
        "http_req_blocked": {
            "med": 0.000389,
            "max": 65.699868,
            "p(90)": 0.000622,
            "p(95)": 37.243026,
            "avg": 2.8081791174266066,
            "min": 0.00019
        },
        "successful_bookings": {
            "count": 16,
            "rate": 0.4837782935382982
        },
        "http_req_tls_handshaking": {
            "avg": 0.9433819006870704,
            "min": 0,
            "med": 0,
            "max": 40.264736,
            "p(90)": 0,
            "p(95)": 8.581118
        },
        "http_req_receiving": {
            "p(90)": 0.1066,
            "p(95)": 0.137536,
            "avg": 0.06725671892567152,
            "min": 0.017489,
            "med": 0.053357,
            "max": 1.535026
        },
        "data_received": {
            "count": 866186,
            "rate": 26190.124060422775
        },
        "vus_max": {
            "value": 100,
            "min": 100,
            "max": 100
        },
        "vus": {
            "value": 3,
            "min": 3,
            "max": 100
        },
        "iteration_duration": {
            "min": 151.782656,
            "med": 2008.2696135,
            "max": 4147.231687,
            "p(90)": 2128.5302011,
            "p(95)": 2218.5886537,
            "avg": 1945.9872560062483
        },
        "http_reqs": {
            "count": 1601,
            "rate": 48.40806549717597
        },
        "http_req_waiting": {
            "p(95)": 223.856805,
            "avg": 67.44609812866956,
            "min": 4.604117,
            "med": 7.838557,
            "max": 2267.837589,
            "p(90)": 178.550653
        },
        "iterations": {
            "count": 1600,
            "rate": 48.377829353829824
        },
        "http_req_failed": {
            "passes": 1584,
            "fails": 17,
            "thresholds": {
                "rate<0.99": false
            },
            "value": 0.9893816364772018
        },
        "order_request": {
            "avg": 67.51522273562497,
            "min": 4.680577,
            "med": 7.9525085,
            "max": 2268.113585,
            "p(90)": 178.81451490000003,
            "p(95)": 224.15991269999984,
            "thresholds": {
                "p(95)<2000": false
            }
        },
        "http_req_duration": {
            "max": 2268.113585,
            "p(90)": 178.794094,
            "p(95)": 223.971345,
            "avg": 67.57408008806995,
            "min": 4.680577,
            "med": 7.952603,
            "thresholds": {
                "p(95)<2000": false
            }
        },
        "http_req_connecting": {
            "p(95)": 2.906307,
            "avg": 0.3206387420362273,
            "min": 0,
            "med": 0,
            "max": 11.986101,
            "p(90)": 0
        },
        "seat_locked_400": {
            "count": 1584,
            "rate": 47.894051060291524
        },
        "http_req_duration{expected_response:true}": {
            "p(95)": 2170.6756538,
            "avg": 1921.8655412352944,
            "min": 161.745844,
            "med": 2061.721644,
            "max": 2268.113585,
            "p(90)": 2133.9894218
        },
        "http_req_sending": {
            "min": 0.027432,
            "med": 0.051412,
            "max": 0.491753,
            "p(90)": 0.090688,
            "p(95)": 0.114063,
            "avg": 0.06072524047470323
        },
        "data_sent": {
            "count": 631262,
            "rate": 19086.928320973326
        }
    },
    "setup_data": {
        "seats": [
            "79cd17f8-e160-4e8b-9c8a-aefb59ee287a",
            "70910468-5a2d-4b0b-88d9-1427ae167237",
            "af24bb02-ad5a-4fda-9810-aa54bf86c840",
            "57c2fbf6-52de-4eaf-bc16-d335a9f9b54a",
            "b583919f-d650-460b-af24-2864c9acf791",
            "d6aafba3-1d91-463a-8320-4671c8b00912",
            "f6b7a2ce-219b-49fb-a105-9609613ef1ca",
            "b2df57f9-1229-4e60-a92e-c364c0e5c9e6",
            "a2858ab4-05a0-45e1-894c-fbf7e50b71c1",
            "c1c8a266-6118-4ac4-a9ae-7c84914460c4",
            "aecf880d-b9b9-4d15-b864-2ed786822933",
            "1231d06a-d5c9-49bb-9a26-29f3a313d6f1",
            "87766d31-439f-406c-aa4d-6f2e0d17f1a2",
            "7ed51c1e-0c01-4d3e-a91d-ef0cdbe1e1b1",
            "3c6cf1f2-1fcc-44e3-b4b6-03827016fec2",
            "24162129-e174-439e-a68f-676c5bcd75b8"
        ],
        "tokenData": {
            "access_token": "eyJhbGciOiJSUzI1NiIsInR5cCIgOiAiSldUIiwia2lkIiA6ICJ2N2JYX3RuankyNWMzUzF3VWRmV2Nlcmt0THVZazhYTEszcWJjamhKME9vIn0.eyJleHAiOjE3NjExNjI3NzYsImlhdCI6MTc2MTE2MjE3NiwianRpIjoib25ydHJvOmY3NWEzNzNhLTExYzYtN2IxYy03ODBkLTVhMjJkYTMyOWE5NSIsImlzcyI6Imh0dHBzOi8vYXV0aC5kcGl5dW1hbC5tZS9yZWFsbXMvZXZlbnQtdGlja2V0aW5nIiwiYXVkIjoiYWNjb3VudCIsInN1YiI6IjUyMTNlNGU4LWU0NjktNGY1ZS05ZDNhLTY0OTY5ZTExNDYyNSIsInR5cCI6IkJlYXJlciIsImF6cCI6ImxvZ2luLXRlc3RpbmciLCJzaWQiOiJjNzllOWVlOS01MGFmLTQwNzgtYTdiZC1jNmQ2N2M1NDM5ZmMiLCJyZWFsbV9hY2Nlc3MiOnsicm9sZXMiOlsiZGVmYXVsdC1yb2xlcy1ldmVudC10aWNrZXRpbmciLCJvZmZsaW5lX2FjY2VzcyIsInVtYV9hdXRob3JpemF0aW9uIl19LCJyZXNvdXJjZV9hY2Nlc3MiOnsiYWNjb3VudCI6eyJyb2xlcyI6WyJtYW5hZ2UtYWNjb3VudCIsIm1hbmFnZS1hY2NvdW50LWxpbmtzIiwidmlldy1wcm9maWxlIl19fSwic2NvcGUiOiJncm91cF9tZW1iZXJzaGlwIGludGVybmFsLWFwaSIsInVzZXJfZ3JvdXBzIjpbIi9UaWVycy9QUk8iLCIvUGVybWlzc2lvbnMvVXNlcnMiXX0.BIl6t83VlnL6ke5-fjdiffA7o6OyabGdj4o142tmnL5f1MQhmQg_iH_4D1WqqMnNKhNTEIfcLVJSYsh7A3WvVkAVzXe7MqaNQWG1Y7Z6vpMzFjmAYiFNFSaJfgLqoQUKqxXxShUU8NbOXMSAtGo3o1vIcelFJRLuJ0FMV_qPyXMpuaXhXdBWRLEolfLH5WBgVZbo8g0hOuFJMMViNhTiKt2rrnazU9Kdpj_HSnTi7EloK0kX9P5tVy-1XlOHBqTWmwU7BC6YTHUZOVI3PVxYREyG-6SGO0g7L6XDaIkejzi55pseP4xHCZe1MNT2VRsCjHojBgdTFJHeE1I0oX1HXA",
            "expires_at": 1761162746817,
            "expires_in": 600
        }
    },
    "root_group": {
        "checks": {},
        "name": "",
        "path": "",
        "id": "d41d8cd98f00b204e9800998ecf8427e",
        "groups": {}
    }
}