{
    "root_group": {
        "name": "",
        "path": "",
        "id": "d41d8cd98f00b204e9800998ecf8427e",
        "groups": {},
        "checks": {}
    },
    "metrics": {
        "unexpected_failures": {
            "count": 31116,
            "rate": 91.63758472063829
        },
        "http_req_duration{expected_response:true}": {
            "min": 8.945332,
            "med": 955.141626,
            "max": 10009.528886,
            "p(90)": 3472.098482,
            "p(95)": 6878.162621,
            "avg": 1740.1823837124248
        },
        "data_received": {
            "count": 28955196,
            "rate": 85273.94994705898
        },
        "vus_max": {
            "value": 2000,
            "min": 1765,
            "max": 2000
        },
        "http_req_tls_handshaking": {
            "max": 55.968888,
            "p(90)": 0,
            "p(95)": 0,
            "avg": 0.08605886827738751,
            "min": 0,
            "med": 0
        },
        "vus": {
            "max": 2000,
            "value": 2,
            "min": 0
        },
        "http_req_receiving": {
            "p(95)": 0.14182319999999998,
            "avg": 0.05888863262316015,
            "min": 0,
            "med": 0.043775,
            "max": 37.958695,
            "p(90)": 0.09696640000000001
        },
        "seat_already_locked": {
            "rate": 223.93132245157392,
            "count": 76037
        },
        "iteration_duration": {
            "avg": 4152.646713533575,
            "min": 9.12701,
            "med": 2640.040669,
            "max": 12328.780243,
            "p(90)": 10000.934926,
            "p(95)": 10001.30942525
        },
        "iterations": {
            "count": 107156,
            "rate": 315.57774226522423
        },
        "order_request": {
            "avg": 4138.752875655818,
            "min": 8.945332,
            "med": 2639.724671,
            "max": 10020.526769,
            "p(90)": 10000.40582,
            "p(95)": 10000.724517,
            "thresholds": {
                "p(95)<3000": true
            }
        },
        "http_req_failed": {
            "passes": 31116,
            "fails": 76041,
            "value": 0.2903776701475405
        },
        "http_reqs": {
            "count": 107157,
            "rate": 315.58068729622823
        },
        "http_req_blocked": {
            "p(90)": 0.000515,
            "p(95)": 0.000604,
            "avg": 0.14335264514684212,
            "min": 0.000137,
            "med": 0.00039,
            "max": 68.568338
        },
        "order_success": {
            "fails": 214306,
            "passes": 6,
            "value": 0.000027996565754600768
        },
        "http_req_duration": {
            "avg": 4138.716940990339,
            "min": 8.945332,
            "med": 2639.719145,
            "max": 10020.526769,
            "p(90)": 10000.4058148,
            "p(95)": 10000.7245158,
            "thresholds": {
                "p(95)<3000": true
            }
        },
        "successful_bookings": {
            "count": 3,
            "rate": 0.008835093012016805
        },
        "order_expected": {
            "fails": 62232,
            "passes": 152080,
            "thresholds": {
                "rate>0.95": true
            },
            "value": 0.7096196199932808
        },
        "server_errors_5xx": {
            "count": 1300,
            "rate": 3.828540305207282,
            "thresholds": {
                "count<10": true
            }
        },
        "http_req_sending": {
            "avg": 0.07448596781358098,
            "min": 0.023812,
            "med": 0.052029,
            "max": 8.403936,
            "p(90)": 0.07991580000000006,
            "p(95)": 0.11254699999999987
        },
        "http_req_connecting": {
            "avg": 0.05409245493994784,
            "min": 0,
            "med": 0,
            "max": 24.358067,
            "p(90)": 0,
            "p(95)": 0
        },
        "http_req_waiting": {
            "min": 8.870348,
            "med": 2639.620531,
            "max": 10020.462307,
            "p(90)": 10000.3344798,
            "p(95)": 10000.6555972,
            "avg": 4138.58356638994
        },
        "data_sent": {
            "rate": 107510.31230181114,
            "count": 36505664
        }
    },
    "setup_data": {
        "seats": [
            "79cd17f8-e160-4e8b-9c8a-aefb59ee287a",
            "70910468-5a2d-4b0b-88d9-1427ae167237",
            "af24bb02-ad5a-4fda-9810-aa54bf86c840",
            "57c2fbf6-52de-4eaf-bc16-d335a9f9b54a",
            "b583919f-d650-460b-af24-2864c9acf791",
            "d6aafba3-1d91-463a-8320-4671c8b00912",
            "f6b7a2ce-219b-49fb-a105-9609613ef1ca",
            "b2df57f9-1229-4e60-a92e-c364c0e5c9e6",
            "a2858ab4-05a0-45e1-894c-fbf7e50b71c1",
            "c1c8a266-6118-4ac4-a9ae-7c84914460c4",
            "aecf880d-b9b9-4d15-b864-2ed786822933",
            "1231d06a-d5c9-49bb-9a26-29f3a313d6f1",
            "87766d31-439f-406c-aa4d-6f2e0d17f1a2",
            "7ed51c1e-0c01-4d3e-a91d-ef0cdbe1e1b1",
            "3c6cf1f2-1fcc-44e3-b4b6-03827016fec2",
            "24162129-e174-439e-a68f-676c5bcd75b8"
        ],
        "tokenData": {
            "access_token": "eyJhbGciOiJSUzI1NiIsInR5cCIgOiAiSldUIiwia2lkIiA6ICJ2N2JYX3RuankyNWMzUzF3VWRmV2Nlcmt0THVZazhYTEszcWJjamhKME9vIn0.eyJleHAiOjE3NjExNTExMjcsImlhdCI6MTc2MTE1MDUyNywianRpIjoib25ydHJvOjdkYTU5ZmY4LTkyMmYtZDc1OS0zMTY0LWNiZjg0OTMwOThkZiIsImlzcyI6Imh0dHBzOi8vYXV0aC5kcGl5dW1hbC5tZS9yZWFsbXMvZXZlbnQtdGlja2V0aW5nIiwiYXVkIjoiYWNjb3VudCIsInN1YiI6IjUyMTNlNGU4LWU0NjktNGY1ZS05ZDNhLTY0OTY5ZTExNDYyNSIsInR5cCI6IkJlYXJlciIsImF6cCI6ImxvZ2luLXRlc3RpbmciLCJzaWQiOiJmZmM2MWI1My1lOGRmLTQ1ZjAtODA5YS1jNzE0YjYwMjM3NGIiLCJyZWFsbV9hY2Nlc3MiOnsicm9sZXMiOlsiZGVmYXVsdC1yb2xlcy1ldmVudC10aWNrZXRpbmciLCJvZmZsaW5lX2FjY2VzcyIsInVtYV9hdXRob3JpemF0aW9uIl19LCJyZXNvdXJjZV9hY2Nlc3MiOnsiYWNjb3VudCI6eyJyb2xlcyI6WyJtYW5hZ2UtYWNjb3VudCIsIm1hbmFnZS1hY2NvdW50LWxpbmtzIiwidmlldy1wcm9maWxlIl19fSwic2NvcGUiOiJncm91cF9tZW1iZXJzaGlwIGludGVybmFsLWFwaSIsInVzZXJfZ3JvdXBzIjpbIi9UaWVycy9QUk8iLCIvUGVybWlzc2lvbnMvVXNlcnMiXX0.Ep6cPPlHvvtgSdfc5cbUsBApBc8MSwhHNJsPvv2BUpslWKDjLmmKk5QzfIaThsIVELiMbI_jwXX9JDdAG12YjkW7jr0aaa1j8YmenMlGriLMiCEVq6ARyF43a47PMuosjN6yCOuJCL2WrT0r6eBVCijocmBp1yJFCr8CRDspa2ZIZMLvwGQI1XXK25PZFCurV1ZClurY6-3JT1GErqFg-N7DLam6aq8xkiw3_1aCs3-EHg50Y9t5PM-fSZox8THfsU84o8eDcMGYnFHJGZM9r1fH2stLfjlB62f2b7RIdFgOkr0UVtp_RCZb0RgNkKenPd7PEclwyww-d1f9i4InVA",
            "expires_at": 1761151097734,
            "expires_in": 600
        }
    }
}