{
    "root_group": {
        "groups": {},
        "checks": {},
        "name": "",
        "path": "",
        "id": "d41d8cd98f00b204e9800998ecf8427e"
    },
    "metrics": {
        "http_reqs": {
            "count": 1,
            "rate": 1.1077994824179138
        },
        "http_req_blocked": {
            "avg": 153.654839,
            "min": 153.654839,
            "med": 153.654839,
            "max": 153.654839,
            "p(90)": 153.654839,
            "p(95)": 153.654839
        },
        "http_req_connecting": {
            "avg": 57.544178,
            "min": 57.544178,
            "med": 57.544178,
            "max": 57.544178,
            "p(90)": 57.544178,
            "p(95)": 57.544178
        },
        "data_sent": {
            "rate": 2087.0942248753495,
            "count": 1884
        },
        "http_req_waiting": {
            "p(95)": 114.128353,
            "avg": 114.128353,
            "min": 114.128353,
            "med": 114.128353,
            "max": 114.128353,
            "p(90)": 114.128353
        },
        "http_req_sending": {
            "min": 0.083498,
            "med": 0.083498,
            "max": 0.083498,
            "p(90)": 0.083498,
            "p(95)": 0.083498,
            "avg": 0.083498
        },
        "http_req_duration": {
            "avg": 114.37027,
            "min": 114.37027,
            "med": 114.37027,
            "max": 114.37027,
            "p(90)": 114.37027,
            "p(95)": 114.37027,
            "thresholds": {
                "p(95)<3000": false
            }
        },
        "server_errors_5xx": {
            "count": 0,
            "rate": 0,
            "thresholds": {
                "count<10": false
            }
        },
        "order_request": {
            "avg": 0,
            "min": 0,
            "med": 0,
            "max": 0,
            "p(90)": 0,
            "p(95)": 0,
            "thresholds": {
                "p(95)<3000": false
            }
        },
        "http_req_duration{expected_response:true}": {
            "med": 114.37027,
            "max": 114.37027,
            "p(90)": 114.37027,
            "p(95)": 114.37027,
            "avg": 114.37027,
            "min": 114.37027
        },
        "order_expected": {
            "passes": 0,
            "fails": 0,
            "thresholds": {
                "rate>0.95": false
            },
            "value": 0
        },
        "http_req_tls_handshaking": {
            "p(90)": 62.903801,
            "p(95)": 62.903801,
            "avg": 62.903801,
            "min": 62.903801,
            "med": 62.903801,
            "max": 62.903801
        },
        "data_received": {
            "count": 5229,
            "rate": 5792.683493563271
        },
        "http_req_receiving": {
            "avg": 0.158419,
            "min": 0.158419,
            "med": 0.158419,
            "max": 0.158419,
            "p(90)": 0.158419,
            "p(95)": 0.158419
        },
        "http_req_failed": {
            "passes": 0,
            "fails": 1,
            "value": 0
        }
    },
    "setup_data": {
        "tokenData": {
            "access_token": "eyJhbGciOiJSUzI1NiIsInR5cCIgOiAiSldUIiwia2lkIiA6ICJ2N2JYX3RuankyNWMzUzF3VWRmV2Nlcmt0THVZazhYTEszcWJjamhKME9vIn0.eyJleHAiOjE3NjExNDcwMzMsImlhdCI6MTc2MTE0NjQzMywianRpIjoib25ydHJvOjBiMzQ3MTU0LTdjNmQtZTBkMy04MWUzLWU4MzEwMGY2NGMwNiIsImlzcyI6Imh0dHBzOi8vYXV0aC5kcGl5dW1hbC5tZS9yZWFsbXMvZXZlbnQtdGlja2V0aW5nIiwiYXVkIjoiYWNjb3VudCIsInN1YiI6IjUyMTNlNGU4LWU0NjktNGY1ZS05ZDNhLTY0OTY5ZTExNDYyNSIsInR5cCI6IkJlYXJlciIsImF6cCI6ImxvZ2luLXRlc3RpbmciLCJzaWQiOiIxZjdmNmNkZC0yMDUwLTQ4MGYtYWRmZi1iOGY2YTU2NDU5MzkiLCJyZWFsbV9hY2Nlc3MiOnsicm9sZXMiOlsiZGVmYXVsdC1yb2xlcy1ldmVudC10aWNrZXRpbmciLCJvZmZsaW5lX2FjY2VzcyIsInVtYV9hdXRob3JpemF0aW9uIl19LCJyZXNvdXJjZV9hY2Nlc3MiOnsiYWNjb3VudCI6eyJyb2xlcyI6WyJtYW5hZ2UtYWNjb3VudCIsIm1hbmFnZS1hY2NvdW50LWxpbmtzIiwidmlldy1wcm9maWxlIl19fSwic2NvcGUiOiJncm91cF9tZW1iZXJzaGlwIGludGVybmFsLWFwaSIsInVzZXJfZ3JvdXBzIjpbIi9UaWVycy9QUk8iLCIvUGVybWlzc2lvbnMvVXNlcnMiXX0.InV77Pdys6igyQnf2jBd7EiS4HQwDikcXv80QT9kDmvgKaIvv2LOo1rbkTxtD5UQ6Q3YGx05Ivif51y1VFYn2TxrcRSo_BSh9C6y_yyGP_wzsFZO1Cb5HuLVUD91OP6owCMsb3uXhO5ZvMpKTg6KgWYwW9pIv6yF-2-mdLhJGW9gIgLYLw2tTdZwdIySbWy3NNkeEeC2WE1MslWH78vKKXcR_Zx4EGpjWVfOfiNtNprASzyF5RT0DhpRseZNFSLrSYHzufY_HInyXP2i5UqLlHthb_E7dllOC6rSYDVmIOa5zWKhwlZn_Nni4fVTDRyYctJ79DFk02xWPhA0G9331g",
            "expires_at": 1761147003387,
            "expires_in": 600
        },
        "seats": [
            "79cd17f8-e160-4e8b-9c8a-aefb59ee287a",
            "70910468-5a2d-4b0b-88d9-1427ae167237",
            "af24bb02-ad5a-4fda-9810-aa54bf86c840",
            "57c2fbf6-52de-4eaf-bc16-d335a9f9b54a",
            "b583919f-d650-460b-af24-2864c9acf791",
            "d6aafba3-1d91-463a-8320-4671c8b00912",
            "f6b7a2ce-219b-49fb-a105-9609613ef1ca",
            "b2df57f9-1229-4e60-a92e-c364c0e5c9e6",
            "a2858ab4-05a0-45e1-894c-fbf7e50b71c1",
            "c1c8a266-6118-4ac4-a9ae-7c84914460c4",
            "aecf880d-b9b9-4d15-b864-2ed786822933",
            "1231d06a-d5c9-49bb-9a26-29f3a313d6f1",
            "87766d31-439f-406c-aa4d-6f2e0d17f1a2",
            "7ed51c1e-0c01-4d3e-a91d-ef0cdbe1e1b1",
            "3c6cf1f2-1fcc-44e3-b4b6-03827016fec2",
            "24162129-e174-439e-a68f-676c5bcd75b8"
        ]
    }
}