{
    "root_group": {
        "groups": {},
        "checks": {},
        "name": "",
        "path": "",
        "id": "d41d8cd98f00b204e9800998ecf8427e"
    },
    "metrics": {
        "http_reqs": {
            "count": 514,
            "rate": 360.3606506498318
        },
        "http_req_blocked": {
            "min": 0.000197,
            "med": 0.0003965,
            "max": 99.148565,
            "p(90)": 0.000512,
            "p(95)": 6.542702749999993,
            "avg": 0.6616125856031135
        },
        "http_req_receiving": {
            "min": 0.021582,
            "med": 0.0451135,
            "max": 0.75909,
            "p(90)": 0.0790725,
            "p(95)": 0.09897744999999991,
            "avg": 0.0537691498054475
        },
        "iterations": {
            "rate": 359.65955988981267,
            "count": 513
        },
        "http_req_sending": {
            "min": 0.044892,
            "med": 0.0647855,
            "max": 0.243815,
            "p(90)": 0.0941022,
            "p(95)": 0.12718174999999998,
            "avg": 0.07140909533073923
        },
        "server_errors_5xx": {
            "count": 0,
            "rate": 0,
            "thresholds": {
                "count<10": false
            }
        },
        "data_sent": {
            "count": 227010,
            "rate": 159154.61343194227
        },
        "seat_already_locked": {
            "count": 513,
            "rate": 359.65955988981267
        },
        "http_req_duration": {
            "max": 203.940865,
            "p(90)": 39.3242511,
            "p(95)": 43.82325264999999,
            "avg": 15.024999723735407,
            "min": 4.876821,
            "med": 9.182257,
            "thresholds": {
                "p(95)<3000": false
            }
        },
        "vus": {
            "max": 9,
            "value": 9,
            "min": 0
        },
        "http_req_failed": {
            "passes": 0,
            "fails": 514,
            "value": 0
        },
        "order_success": {
            "passes": 0,
            "fails": 1026,
            "value": 0
        },
        "order_request": {
            "avg": 14.65674267641325,
            "min": 4.876821,
            "med": 9.159592,
            "max": 54.410116,
            "p(90)": 39.131352400000004,
            "p(95)": 43.540519999999994,
            "thresholds": {
                "p(95)<3000": false
            }
        },
        "order_expected": {
            "passes": 1026,
            "fails": 0,
            "thresholds": {
                "rate>0.95": false
            },
            "value": 1
        },
        "data_received": {
            "count": 316392,
            "rate": 221819.50774397195
        },
        "iteration_duration": {
            "med": 9.641742,
            "max": 147.742007,
            "p(90)": 39.7165202,
            "p(95)": 44.2515188,
            "avg": 15.53100084405457,
            "min": 5.080021
        },
        "http_req_connecting": {
            "avg": 0.18161922957198445,
            "min": 0,
            "med": 0,
            "max": 3.820821,
            "p(90)": 0,
            "p(95)": 2.4624845499999966
        },
        "http_req_waiting": {
            "p(90)": 39.22245339999999,
            "p(95)": 43.687875549999994,
            "avg": 14.899821478599225,
            "min": 4.76086,
            "med": 9.052581499999999,
            "max": 203.68738
        },
        "http_req_duration{expected_response:true}": {
            "avg": 15.024999723735407,
            "min": 4.876821,
            "med": 9.182257,
            "max": 203.940865,
            "p(90)": 39.3242511,
            "p(95)": 43.82325264999999
        },
        "http_req_tls_handshaking": {
            "med": 0,
            "max": 10.819431,
            "p(90)": 0,
            "p(95)": 4.0127983,
            "avg": 0.2878336400778211,
            "min": 0
        },
        "vus_max": {
            "min": 1359,
            "max": 2000,
            "value": 2000
        }
    },
    "setup_data": {
        "tokenData": {
            "expires_at": 1761445273958,
            "expires_in": 600,
            "access_token": "eyJhbGciOiJSUzI1NiIsInR5cCIgOiAiSldUIiwia2lkIiA6ICJ2N2JYX3RuankyNWMzUzF3VWRmV2Nlcmt0THVZazhYTEszcWJjamhKME9vIn0.eyJleHAiOjE3NjE0NDUzMDMsImlhdCI6MTc2MTQ0NDcwMywianRpIjoib25ydHJvOjg3YzIyNDM4LTdjOTAtNWZjMS1mNWVjLWI1YzY0NTMwZmVkNCIsImlzcyI6Imh0dHBzOi8vYXV0aC5kcGl5dW1hbC5tZS9yZWFsbXMvZXZlbnQtdGlja2V0aW5nIiwiYXVkIjoiYWNjb3VudCIsInN1YiI6IjUyMTNlNGU4LWU0NjktNGY1ZS05ZDNhLTY0OTY5ZTExNDYyNSIsInR5cCI6IkJlYXJlciIsImF6cCI6ImxvZ2luLXRlc3RpbmciLCJzaWQiOiJmZTQ1ZDI0NC05MzI1LTQ3YTEtOWM2YS1jNDIxYTI2ZjdiZWYiLCJyZWFsbV9hY2Nlc3MiOnsicm9sZXMiOlsiZGVmYXVsdC1yb2xlcy1ldmVudC10aWNrZXRpbmciLCJvZmZsaW5lX2FjY2VzcyIsInVtYV9hdXRob3JpemF0aW9uIl19LCJyZXNvdXJjZV9hY2Nlc3MiOnsiYWNjb3VudCI6eyJyb2xlcyI6WyJtYW5hZ2UtYWNjb3VudCIsIm1hbmFnZS1hY2NvdW50LWxpbmtzIiwidmlldy1wcm9maWxlIl19fSwic2NvcGUiOiJncm91cF9tZW1iZXJzaGlwIGludGVybmFsLWFwaSIsInVzZXJfZ3JvdXBzIjpbIi9UaWVycy9QUk8iLCIvUGVybWlzc2lvbnMvVXNlcnMiXX0.ZdHAPmyF6Jj66UY9P8YWc9YLeGZfouQEym69u518nIzIyNPxMK7YlkLmI_kcani9aa15rCeCZI47P0Mj6PpZD8eZw9hUlzqmqVxdRldX2XL8CwG8XNoT-rEg9Hr9CZUfqAL1b9gi5iHnPkRfmSn0M52DstgT88AJaKOLJiEllZq1tjHGLiTTFPS2YzCRyhrK37bqkn7jzSOL6MtF0eVxnFHPgP2ou5sxSqA6EbLpgLyqoeejSHEgpnedUx7QwOqkIIlElwWRY2nUXFXrlHeuxvVYvDG2lMlWzZK8z1UVgzUPu6UklJRRG9Z5SJkwbrLVOjiFNaMNEeebovUaT2Di_Q"
        },
        "seats": [
            "79cd17f8-e160-4e8b-9c8a-aefb59ee287a",
            "70910468-5a2d-4b0b-88d9-1427ae167237",
            "af24bb02-ad5a-4fda-9810-aa54bf86c840",
            "57c2fbf6-52de-4eaf-bc16-d335a9f9b54a",
            "b583919f-d650-460b-af24-2864c9acf791",
            "d6aafba3-1d91-463a-8320-4671c8b00912",
            "f6b7a2ce-219b-49fb-a105-9609613ef1ca",
            "b2df57f9-1229-4e60-a92e-c364c0e5c9e6",
            "a2858ab4-05a0-45e1-894c-fbf7e50b71c1",
            "c1c8a266-6118-4ac4-a9ae-7c84914460c4",
            "aecf880d-b9b9-4d15-b864-2ed786822933",
            "1231d06a-d5c9-49bb-9a26-29f3a313d6f1",
            "87766d31-439f-406c-aa4d-6f2e0d17f1a2",
            "7ed51c1e-0c01-4d3e-a91d-ef0cdbe1e1b1",
            "3c6cf1f2-1fcc-44e3-b4b6-03827016fec2",
            "24162129-e174-439e-a68f-676c5bcd75b8"
        ]
    }
}