{
    "root_group": {
        "id": "d41d8cd98f00b204e9800998ecf8427e",
        "groups": {},
        "checks": {},
        "name": "",
        "path": ""
    },
    "metrics": {
        "order_success": {
            "passes": 8,
            "fails": 21348,
            "value": 0.00037460198539052256
        },
        "http_req_receiving": {
            "avg": 0.07239904765471387,
            "min": 0.017645,
            "med": 0.051918,
            "max": 9.658627,
            "p(90)": 0.10335,
            "p(95)": 0.142372
        },
        "http_req_duration": {
            "med": 108.247841,
            "max": 2933.615982,
            "p(90)": 216.813915,
            "p(95)": 251.518113,
            "avg": 120.67578235202724,
            "min": 5.5179,
            "thresholds": {
                "p(95)<3000": false
            }
        },
        "iteration_duration": {
            "avg": 120.97163736673541,
            "min": 5.738297,
            "med": 108.4927105,
            "max": 3032.913428,
            "p(90)": 217.0736434,
            "p(95)": 251.75850899999998
        },
        "http_req_duration{expected_response:true}": {
            "avg": 120.67578235202724,
            "min": 5.5179,
            "med": 108.247841,
            "max": 2933.615982,
            "p(90)": 216.813915,
            "p(95)": 251.518113
        },
        "http_req_tls_handshaking": {
            "p(90)": 0,
            "p(95)": 0,
            "avg": 0.022114075648347536,
            "min": 0,
            "med": 0,
            "max": 9.889568
        },
        "order_request": {
            "avg": 120.6787803310238,
            "min": 5.5179,
            "med": 108.247841,
            "max": 2933.615982,
            "p(90)": 216.82264920000003,
            "p(95)": 251.52125980000002,
            "thresholds": {
                "p(95)<3000": false
            }
        },
        "server_errors_5xx": {
            "count": 0,
            "rate": 0,
            "thresholds": {
                "count<10": false
            }
        },
        "seat_already_locked": {
            "count": 10674,
            "rate": 257.4355364787296
        },
        "http_reqs": {
            "rate": 257.6043624816667,
            "count": 10681
        },
        "http_req_blocked": {
            "med": 0.000391,
            "max": 98.946924,
            "p(90)": 0.000502,
            "p(95)": 0.000557,
            "avg": 0.053439482070967666,
            "min": 0.000202
        },
        "data_received": {
            "count": 2637859,
            "rate": 63619.884468825665
        },
        "http_req_failed": {
            "passes": 0,
            "fails": 10681,
            "value": 0
        },
        "iterations": {
            "count": 10678,
            "rate": 257.53200848040797
        },
        "successful_bookings": {
            "rate": 0.09647200167836971,
            "count": 4
        },
        "http_req_waiting": {
            "p(95)": 251.383052,
            "avg": 120.53441117488987,
            "min": 5.421431,
            "med": 108.128647,
            "max": 2933.237558,
            "p(90)": 216.631508
        },
        "vus": {
            "value": 50,
            "min": 1,
            "max": 50
        },
        "http_req_sending": {
            "p(95)": 0.09631,
            "avg": 0.0689721294822583,
            "min": 0.039565,
            "med": 0.065603,
            "max": 0.598176,
            "p(90)": 0.085968
        },
        "data_sent": {
            "rate": 79871.94375957054,
            "count": 3311715
        },
        "order_expected": {
            "passes": 21356,
            "fails": 0,
            "thresholds": {
                "rate>0.95": false
            },
            "value": 1
        },
        "vus_max": {
            "value": 100,
            "min": 100,
            "max": 100
        },
        "http_req_connecting": {
            "avg": 0.01405163421027994,
            "min": 0,
            "med": 0,
            "max": 3.991632,
            "p(90)": 0,
            "p(95)": 0
        }
    },
    "setup_data": {
        "seats": [
            "79cd17f8-e160-4e8b-9c8a-aefb59ee287a",
            "70910468-5a2d-4b0b-88d9-1427ae167237",
            "af24bb02-ad5a-4fda-9810-aa54bf86c840",
            "57c2fbf6-52de-4eaf-bc16-d335a9f9b54a",
            "b583919f-d650-460b-af24-2864c9acf791",
            "d6aafba3-1d91-463a-8320-4671c8b00912",
            "f6b7a2ce-219b-49fb-a105-9609613ef1ca",
            "b2df57f9-1229-4e60-a92e-c364c0e5c9e6",
            "a2858ab4-05a0-45e1-894c-fbf7e50b71c1",
            "c1c8a266-6118-4ac4-a9ae-7c84914460c4",
            "aecf880d-b9b9-4d15-b864-2ed786822933",
            "1231d06a-d5c9-49bb-9a26-29f3a313d6f1",
            "87766d31-439f-406c-aa4d-6f2e0d17f1a2",
            "7ed51c1e-0c01-4d3e-a91d-ef0cdbe1e1b1",
            "3c6cf1f2-1fcc-44e3-b4b6-03827016fec2",
            "24162129-e174-439e-a68f-676c5bcd75b8"
        ],
        "tokenData": {
            "access_token": "eyJhbGciOiJSUzI1NiIsInR5cCIgOiAiSldUIiwia2lkIiA6ICJ2N2JYX3RuankyNWMzUzF3VWRmV2Nlcmt0THVZazhYTEszcWJjamhKME9vIn0.eyJleHAiOjE3NjExNTc5MjEsImlhdCI6MTc2MTE1NzMyMSwianRpIjoib25ydHJvOmRkODE3MTVhLTQyMGQtNGUyNC03NzM0LWJiOTZjMTc4MDM3MiIsImlzcyI6Imh0dHBzOi8vYXV0aC5kcGl5dW1hbC5tZS9yZWFsbXMvZXZlbnQtdGlja2V0aW5nIiwiYXVkIjoiYWNjb3VudCIsInN1YiI6IjUyMTNlNGU4LWU0NjktNGY1ZS05ZDNhLTY0OTY5ZTExNDYyNSIsInR5cCI6IkJlYXJlciIsImF6cCI6ImxvZ2luLXRlc3RpbmciLCJzaWQiOiIxOWUwOTY1MC1lYzk4LTQxNjMtOTkyMy01Y2IxMmJkNWJkNDgiLCJyZWFsbV9hY2Nlc3MiOnsicm9sZXMiOlsiZGVmYXVsdC1yb2xlcy1ldmVudC10aWNrZXRpbmciLCJvZmZsaW5lX2FjY2VzcyIsInVtYV9hdXRob3JpemF0aW9uIl19LCJyZXNvdXJjZV9hY2Nlc3MiOnsiYWNjb3VudCI6eyJyb2xlcyI6WyJtYW5hZ2UtYWNjb3VudCIsIm1hbmFnZS1hY2NvdW50LWxpbmtzIiwidmlldy1wcm9maWxlIl19fSwic2NvcGUiOiJncm91cF9tZW1iZXJzaGlwIGludGVybmFsLWFwaSIsInVzZXJfZ3JvdXBzIjpbIi9UaWVycy9QUk8iLCIvUGVybWlzc2lvbnMvVXNlcnMiXX0.E-bGBtF2IRjuORM4LtqAKWJnXCaACjOE2qiW21pRWkt6GXqv1Svq59LuZWMbdwhHIzMV11UgDB858lXMYvhgK6ZBdgjTTKUVYuCGQ8Z7kwZDai7fHY7FADnWGT5DYZdTPNr3ddsTRgo3GYhvsj1DLHgsZB_7gLxBUWK-7RtBejuv6a4ITiTYXjEUJ2zAtOlScBui4dbpumYMDaHQuuxa1vFFM5zunBSASidZVTUZ4pekvXWeq_J_WHKbqZ_AOOC6chePtu75fpJC7CiW_Z7uAGvv7sYPThXwOFVlLriAGWlXDcmj7SjmszeRQLRs01p_fzvFr6iOhxSYyEAQaYCHaw",
            "expires_at": 1761157891772,
            "expires_in": 600
        }
    }
}