{
    "metrics": {
        "order_expected": {
            "passes": 750788,
            "fails": 0,
            "thresholds": {
                "rate>0.95": false
            },
            "value": 1
        },
        "http_req_duration{expected_response:true}": {
            "avg": 57.67198163050799,
            "min": 3.326302,
            "med": 48.153525,
            "max": 2383.689004,
            "p(90)": 110.73154760000014,
            "p(95)": 150.92425549999993
        },
        "server_errors_5xx": {
            "count": 0,
            "rate": 0,
            "thresholds": {
                "count<10": false
            }
        },
        "http_req_blocked": {
            "p(95)": 0.000498,
            "avg": 0.0024994196646205757,
            "min": 0.000191,
            "med": 0.000387,
            "max": 16.44753,
            "p(90)": 0.000464
        },
        "http_req_waiting": {
            "min": 3.254019,
            "med": 47.984846,
            "max": 2383.552531,
            "p(90)": 110.50591180000009,
            "p(95)": 150.7656471999999,
            "avg": 57.505622183756145
        },
        "successful_bookings": {
            "count": 32,
            "rate": 0.09665758916030058
        },
        "data_received": {
            "count": 96944473,
            "rate": 292825.5950811204
        },
        "iterations": {
            "rate": 1133.8962195388087,
            "count": 375394
        },
        "http_req_duration": {
            "p(95)": 150.92425549999993,
            "avg": 57.67198163050799,
            "min": 3.326302,
            "med": 48.153525,
            "max": 2383.689004,
            "p(90)": 110.73154760000014,
            "thresholds": {
                "p(95)<3000": false
            }
        },
        "http_req_connecting": {
            "avg": 0.000773390007858389,
            "min": 0,
            "med": 0,
            "max": 4.003285,
            "p(90)": 0,
            "p(95)": 0
        },
        "order_request": {
            "avg": 57.67197265701249,
            "min": 3.326302,
            "med": 48.153117,
            "max": 2383.689004,
            "p(90)": 110.73194070000005,
            "p(95)": 150.92455174999986,
            "thresholds": {
                "p(95)<3000": false
            }
        },
        "http_req_sending": {
            "max": 32.056908,
            "p(90)": 0.06888,
            "p(95)": 0.077477,
            "avg": 0.054118724642043904,
            "min": 0.021913,
            "med": 0.049909
        },
        "http_req_receiving": {
            "avg": 0.11224072211137745,
            "min": 0.012125,
            "med": 0.045978,
            "max": 210.78059,
            "p(90)": 0.127658,
            "p(95)": 0.27168289999999995
        },
        "data_sent": {
            "count": 113458856,
            "rate": 342708.1090576783
        },
        "seat_already_locked": {
            "count": 375362,
            "rate": 1133.7995619496485
        },
        "http_reqs": {
            "count": 375395,
            "rate": 1133.89924008847
        },
        "order_success": {
            "passes": 64,
            "fails": 750724,
            "value": 0.00008524377054508063
        },
        "http_req_tls_handshaking": {
            "p(95)": 0,
            "avg": 0.0012477528976145126,
            "min": 0,
            "med": 0,
            "max": 8.326411,
            "p(90)": 0
        },
        "vus_max": {
            "value": 100,
            "min": 100,
            "max": 100
        },
        "http_req_failed": {
            "passes": 0,
            "fails": 375395,
            "value": 0
        },
        "iteration_duration": {
            "p(90)": 110.96725850000001,
            "p(95)": 151.15688519999995,
            "avg": 57.905788394563146,
            "min": 3.50124,
            "med": 48.3887345,
            "max": 2384.001191
        },
        "vus": {
            "value": 1,
            "min": 1,
            "max": 100
        }
    },
    "setup_data": {
        "seats": [
            "79cd17f8-e160-4e8b-9c8a-aefb59ee287a",
            "70910468-5a2d-4b0b-88d9-1427ae167237",
            "af24bb02-ad5a-4fda-9810-aa54bf86c840",
            "57c2fbf6-52de-4eaf-bc16-d335a9f9b54a",
            "b583919f-d650-460b-af24-2864c9acf791",
            "d6aafba3-1d91-463a-8320-4671c8b00912",
            "f6b7a2ce-219b-49fb-a105-9609613ef1ca",
            "b2df57f9-1229-4e60-a92e-c364c0e5c9e6",
            "a2858ab4-05a0-45e1-894c-fbf7e50b71c1",
            "c1c8a266-6118-4ac4-a9ae-7c84914460c4",
            "aecf880d-b9b9-4d15-b864-2ed786822933",
            "1231d06a-d5c9-49bb-9a26-29f3a313d6f1",
            "87766d31-439f-406c-aa4d-6f2e0d17f1a2",
            "7ed51c1e-0c01-4d3e-a91d-ef0cdbe1e1b1",
            "3c6cf1f2-1fcc-44e3-b4b6-03827016fec2",
            "24162129-e174-439e-a68f-676c5bcd75b8"
        ],
        "tokenData": {
            "access_token": "eyJhbGciOiJSUzI1NiIsInR5cCIgOiAiSldUIiwia2lkIiA6ICJ2N2JYX3RuankyNWMzUzF3VWRmV2Nlcmt0THVZazhYTEszcWJjamhKME9vIn0.eyJleHAiOjE3NjExNTg3OTUsImlhdCI6MTc2MTE1ODE5NSwianRpIjoib25ydHJvOjMwNDQ3NzgwLWIyZTktNTUwNS03MjhmLWFmMDc3ZWM5OTJhMCIsImlzcyI6Imh0dHBzOi8vYXV0aC5kcGl5dW1hbC5tZS9yZWFsbXMvZXZlbnQtdGlja2V0aW5nIiwiYXVkIjoiYWNjb3VudCIsInN1YiI6IjUyMTNlNGU4LWU0NjktNGY1ZS05ZDNhLTY0OTY5ZTExNDYyNSIsInR5cCI6IkJlYXJlciIsImF6cCI6ImxvZ2luLXRlc3RpbmciLCJzaWQiOiJlMDUzZGY5MC1iNDYyLTQ1YTAtOTVjZS01NWUyYTBiYWQyMGQiLCJyZWFsbV9hY2Nlc3MiOnsicm9sZXMiOlsiZGVmYXVsdC1yb2xlcy1ldmVudC10aWNrZXRpbmciLCJvZmZsaW5lX2FjY2VzcyIsInVtYV9hdXRob3JpemF0aW9uIl19LCJyZXNvdXJjZV9hY2Nlc3MiOnsiYWNjb3VudCI6eyJyb2xlcyI6WyJtYW5hZ2UtYWNjb3VudCIsIm1hbmFnZS1hY2NvdW50LWxpbmtzIiwidmlldy1wcm9maWxlIl19fSwic2NvcGUiOiJncm91cF9tZW1iZXJzaGlwIGludGVybmFsLWFwaSIsInVzZXJfZ3JvdXBzIjpbIi9UaWVycy9QUk8iLCIvUGVybWlzc2lvbnMvVXNlcnMiXX0.Om8kalru5uLTtMUOosaCCqbQTvkbvLcfFV2YiDVTPv2y0ErMADlblJf3Ih-TS1M4R5JiIhtAEFeGnzU1LeZ1_T-BVknqG_Ty4P5-KCPXjEf4m_DKlfwWa_mXPPq8e3LdOQ3zTBRIm3plcMfXllJK_KDEMz9xabWWckLqz2Jdd4gPlN8zeOrJU-uv3hl358NtlBhxbB_Vxjz2aTuTb3AAIadG7ajXb9ltPe94TFRcENexAiFYjcgnWfWNn8hGcgskVtqNBQqmAfELw-TSIfqMYUpawS6RnKxgoZaggoM56u9g2mWYv1GL3-obv5PgpjBMmh0xDCRomXGH_U_JFqRr0A",
            "expires_at": 1761158765057,
            "expires_in": 600
        }
    },
    "root_group": {
        "checks": {},
        "name": "",
        "path": "",
        "id": "d41d8cd98f00b204e9800998ecf8427e",
        "groups": {}
    }
}