{
    "root_group": {
        "name": "",
        "path": "",
        "id": "d41d8cd98f00b204e9800998ecf8427e",
        "groups": {},
        "checks": {}
    },
    "metrics": {
        "seat_locked_400": {
            "count": 1584,
            "rate": 48.20835289581526
        },
        "http_req_duration": {
            "min": 4.702373,
            "med": 7.744523,
            "max": 2405.096552,
            "p(90)": 55.787843,
            "p(95)": 502.738792,
            "avg": 66.98461787820118,
            "thresholds": {
                "p(95)<2000": false
            }
        },
        "http_req_blocked": {
            "avg": 2.062966695815114,
            "min": 0.000189,
            "med": 0.00039,
            "max": 82.198068,
            "p(90)": 0.000667,
            "p(95)": 20.317975
        },
        "http_req_waiting": {
            "min": 4.59012,
            "med": 7.619657,
            "max": 2404.87376,
            "p(90)": 55.687994,
            "p(95)": 502.54171,
            "avg": 66.86192966271084
        },
        "iteration_duration": {
            "p(95)": 2044.74383405,
            "avg": 1944.7358758218747,
            "min": 288.79564,
            "med": 2008.2810264999998,
            "max": 4068.748761,
            "p(90)": 2016.3347412
        },
        "http_req_duration{expected_response:true}": {
            "min": 54.131309,
            "med": 2058.941559,
            "max": 2405.096552,
            "p(90)": 2065.7653784000004,
            "p(95)": 2135.3906024,
            "avg": 1960.8539835882355
        },
        "vus_max": {
            "value": 100,
            "min": 100,
            "max": 100
        },
        "failed_bookings": {
            "rate": 48.20835289581526,
            "count": 1584
        },
        "http_req_connecting": {
            "avg": 0.2963952229856339,
            "min": 0,
            "med": 0,
            "max": 9.521214,
            "p(90)": 0,
            "p(95)": 2.936648
        },
        "http_req_sending": {
            "max": 0.622236,
            "p(90)": 0.087613,
            "p(95)": 0.121556,
            "avg": 0.06220100687070585,
            "min": 0.030675,
            "med": 0.053261
        },
        "data_sent": {
            "count": 630762,
            "rate": 19196.96785938777
        },
        "vus": {
            "min": 16,
            "max": 100,
            "value": 16
        },
        "http_req_receiving": {
            "p(95)": 0.107956,
            "avg": 0.06048720861961283,
            "min": 0.016033,
            "med": 0.050315,
            "max": 0.906193,
            "p(90)": 0.085896
        },
        "order_request": {
            "p(95)": 502.8378406999999,
            "avg": 66.99265119625005,
            "min": 4.702373,
            "med": 7.743796,
            "max": 2405.096552,
            "p(90)": 55.80509410000003,
            "thresholds": {
                "p(95)<2000": false
            }
        },
        "http_req_failed": {
            "passes": 1584,
            "fails": 17,
            "thresholds": {
                "rate<0.99": false
            },
            "value": 0.9893816364772018
        },
        "iterations": {
            "count": 1600,
            "rate": 48.69530595536895
        },
        "data_received": {
            "count": 869998,
            "rate": 26478.011744099425
        },
        "http_req_tls_handshaking": {
            "p(90)": 0,
            "p(95)": 8.991151,
            "avg": 1.3944514216114936,
            "min": 0,
            "med": 0,
            "max": 73.523622
        },
        "successful_bookings": {
            "count": 16,
            "rate": 0.4869530595536895
        },
        "http_reqs": {
            "count": 1601,
            "rate": 48.72574052159106
        },
        "order_success": {
            "fails": 1584,
            "passes": 16,
            "thresholds": {
                "rate>0": false
            },
            "value": 0.01
        }
    },
    "setup_data": {
        "seats": [
            "79cd17f8-e160-4e8b-9c8a-aefb59ee287a",
            "70910468-5a2d-4b0b-88d9-1427ae167237",
            "af24bb02-ad5a-4fda-9810-aa54bf86c840",
            "57c2fbf6-52de-4eaf-bc16-d335a9f9b54a",
            "b583919f-d650-460b-af24-2864c9acf791",
            "d6aafba3-1d91-463a-8320-4671c8b00912",
            "f6b7a2ce-219b-49fb-a105-9609613ef1ca",
            "b2df57f9-1229-4e60-a92e-c364c0e5c9e6",
            "a2858ab4-05a0-45e1-894c-fbf7e50b71c1",
            "c1c8a266-6118-4ac4-a9ae-7c84914460c4",
            "aecf880d-b9b9-4d15-b864-2ed786822933",
            "1231d06a-d5c9-49bb-9a26-29f3a313d6f1",
            "87766d31-439f-406c-aa4d-6f2e0d17f1a2",
            "7ed51c1e-0c01-4d3e-a91d-ef0cdbe1e1b1",
            "3c6cf1f2-1fcc-44e3-b4b6-03827016fec2",
            "24162129-e174-439e-a68f-676c5bcd75b8"
        ],
        "tokenData": {
            "access_token": "eyJhbGciOiJSUzI1NiIsInR5cCIgOiAiSldUIiwia2lkIiA6ICJ2N2JYX3RuankyNWMzUzF3VWRmV2Nlcmt0THVZazhYTEszcWJjamhKME9vIn0.eyJleHAiOjE3NjEzNDQ0MjEsImlhdCI6MTc2MTM0MzgyMSwianRpIjoib25ydHJvOmVmNTViODNlLWVhZjYtY2Y0Mi1iMmE2LTJhZTliOTNlNDc4MSIsImlzcyI6Imh0dHBzOi8vYXV0aC5kcGl5dW1hbC5tZS9yZWFsbXMvZXZlbnQtdGlja2V0aW5nIiwiYXVkIjoiYWNjb3VudCIsInN1YiI6IjUyMTNlNGU4LWU0NjktNGY1ZS05ZDNhLTY0OTY5ZTExNDYyNSIsInR5cCI6IkJlYXJlciIsImF6cCI6ImxvZ2luLXRlc3RpbmciLCJzaWQiOiJjMjQ4MzUwNi1hZjJkLTRiZjEtOGE0Yy0wMjY2MTliNGRiMmUiLCJyZWFsbV9hY2Nlc3MiOnsicm9sZXMiOlsiZGVmYXVsdC1yb2xlcy1ldmVudC10aWNrZXRpbmciLCJvZmZsaW5lX2FjY2VzcyIsInVtYV9hdXRob3JpemF0aW9uIl19LCJyZXNvdXJjZV9hY2Nlc3MiOnsiYWNjb3VudCI6eyJyb2xlcyI6WyJtYW5hZ2UtYWNjb3VudCIsIm1hbmFnZS1hY2NvdW50LWxpbmtzIiwidmlldy1wcm9maWxlIl19fSwic2NvcGUiOiJncm91cF9tZW1iZXJzaGlwIGludGVybmFsLWFwaSIsInVzZXJfZ3JvdXBzIjpbIi9UaWVycy9QUk8iLCIvUGVybWlzc2lvbnMvVXNlcnMiXX0.BizqHIP9pUBFGQoODrbk9a5Dq4VOsBt_24Gns5cZ6mWLN0Iql6g8pLet7q4nzPSphCunmIaAhzRfi_CvSU7Bu9tVspPa9ziMESt3dG4do1K3AJH8b8oo6dR4C3hM8AyCwj3wNBE7wb2hOgOqJCynk31lbKcjgyc9JxYKWUsTyVtqjqXwN1r7NZNRLzcmos9oYKnwDnMrHYf6F-8n_SJoPGIoHPv9Fixj1KNI_cBtC-_t9v2Lg4ClMAaUTshlSssi1Ez0ITO-CVev7bBbCw6UhFEzmAcirqKJJZqm6TVTEkagdEndq55WNc00f8I8f8ouTj2aQQV4TOJH7E4EwXxLjQ",
            "expires_at": 1761344391685,
            "expires_in": 600
        }
    }
}