{
    "root_group": {
        "checks": {},
        "name": "",
        "path": "",
        "id": "d41d8cd98f00b204e9800998ecf8427e",
        "groups": {}
    },
    "metrics": {
        "iterations": {
            "count": 631289,
            "rate": 1858.3365475199894
        },
        "http_req_receiving": {
            "min": 0,
            "med": 0.059803,
            "max": 78.017564,
            "p(90)": 1.5562620999999994,
            "p(95)": 3.3315534999999934,
            "avg": 0.6556230398786523
        },
        "http_req_duration{expected_response:true}": {
            "max": 8878.866252,
            "p(90)": 1770.467367800001,
            "p(95)": 2340.2490801999998,
            "avg": 567.2126951207765,
            "min": 3.761829,
            "med": 138.185454
        },
        "http_req_tls_handshaking": {
            "med": 0,
            "max": 61.816428,
            "p(90)": 0,
            "p(95)": 0,
            "avg": 0.015717854002122666,
            "min": 0
        },
        "vus": {
            "value": 4,
            "min": 0,
            "max": 2000
        },
        "vus_max": {
            "max": 2000,
            "value": 2000,
            "min": 1794
        },
        "seat_already_locked": {
            "rate": 1830.3329618776645,
            "count": 621776
        },
        "successful_bookings": {
            "count": 16,
            "rate": 0.04709948179093859
        },
        "http_req_sending": {
            "p(95)": 0.075927,
            "avg": 0.058057684628301805,
            "min": 0.024111,
            "med": 0.045211,
            "max": 57.53403,
            "p(90)": 0.064569
        },
        "data_sent": {
            "count": 193843158,
            "rate": 570619.5181574395
        },
        "data_received": {
            "count": 170705488,
            "rate": 502508.75147933036
        },
        "order_expected": {
            "passes": 1243584,
            "fails": 18994,
            "thresholds": {
                "rate>0.95": false
            },
            "value": 0.9849561769649083
        },
        "http_req_blocked": {
            "p(90)": 0.000459,
            "p(95)": 0.000493,
            "avg": 0.02688809551235968,
            "min": 0.000153,
            "med": 0.000382,
            "max": 107.661217
        },
        "iteration_duration": {
            "min": 2.769736,
            "med": 145.597616,
            "max": 10160.092106,
            "p(90)": 1918.757516800005,
            "p(95)": 2518.130863599999,
            "avg": 704.618812008882
        },
        "http_req_waiting": {
            "min": 2.346636,
            "med": 144.541316,
            "max": 10026.198235,
            "p(90)": 1916.6722599999998,
            "p(95)": 2516.4032802999996,
            "avg": 703.4841255205449
        },
        "order_request": {
            "avg": 704.198819762091,
            "min": 2.467155,
            "med": 145.321207,
            "max": 10026.241117,
            "p(90)": 1918.4216158000027,
            "p(95)": 2517.797314,
            "thresholds": {
                "p(95)<3000": false
            }
        },
        "order_success": {
            "passes": 32,
            "fails": 1262546,
            "value": 0.000025344968786086878
        },
        "http_reqs": {
            "count": 631290,
            "rate": 1858.3394912376014
        },
        "http_req_connecting": {
            "p(90)": 0,
            "p(95)": 0,
            "avg": 0.010237861703812818,
            "min": 0,
            "med": 0,
            "max": 53.780723
        },
        "unexpected_failures": {
            "count": 9497,
            "rate": 27.956486160533984
        },
        "server_errors_5xx": {
            "count": 999,
            "rate": 2.9407738943217283,
            "thresholds": {
                "count<10": true
            }
        },
        "http_req_duration": {
            "p(95)": 2517.7967372499993,
            "avg": 704.1978062450486,
            "min": 2.467155,
            "med": 145.3210305,
            "max": 10026.241117,
            "p(90)": 1918.417885399999,
            "thresholds": {
                "p(95)<3000": false
            }
        },
        "http_req_failed": {
            "passes": 9497,
            "fails": 621793,
            "value": 0.015043799204802864
        }
    },
    "setup_data": {
        "seats": [
            "79cd17f8-e160-4e8b-9c8a-aefb59ee287a",
            "70910468-5a2d-4b0b-88d9-1427ae167237",
            "af24bb02-ad5a-4fda-9810-aa54bf86c840",
            "57c2fbf6-52de-4eaf-bc16-d335a9f9b54a",
            "b583919f-d650-460b-af24-2864c9acf791",
            "d6aafba3-1d91-463a-8320-4671c8b00912",
            "f6b7a2ce-219b-49fb-a105-9609613ef1ca",
            "b2df57f9-1229-4e60-a92e-c364c0e5c9e6",
            "a2858ab4-05a0-45e1-894c-fbf7e50b71c1",
            "c1c8a266-6118-4ac4-a9ae-7c84914460c4",
            "aecf880d-b9b9-4d15-b864-2ed786822933",
            "1231d06a-d5c9-49bb-9a26-29f3a313d6f1",
            "87766d31-439f-406c-aa4d-6f2e0d17f1a2",
            "7ed51c1e-0c01-4d3e-a91d-ef0cdbe1e1b1",
            "3c6cf1f2-1fcc-44e3-b4b6-03827016fec2",
            "24162129-e174-439e-a68f-676c5bcd75b8"
        ],
        "tokenData": {
            "expires_at": 1761160266721,
            "expires_in": 600,
            "access_token": "eyJhbGciOiJSUzI1NiIsInR5cCIgOiAiSldUIiwia2lkIiA6ICJ2N2JYX3RuankyNWMzUzF3VWRmV2Nlcmt0THVZazhYTEszcWJjamhKME9vIn0.eyJleHAiOjE3NjExNjAyOTYsImlhdCI6MTc2MTE1OTY5NiwianRpIjoib25ydHJvOmFmMTFmMTM3LTU1M2ItNGNhMS0zN2MzLTljNGIzOGJlODI5MyIsImlzcyI6Imh0dHBzOi8vYXV0aC5kcGl5dW1hbC5tZS9yZWFsbXMvZXZlbnQtdGlja2V0aW5nIiwiYXVkIjoiYWNjb3VudCIsInN1YiI6IjUyMTNlNGU4LWU0NjktNGY1ZS05ZDNhLTY0OTY5ZTExNDYyNSIsInR5cCI6IkJlYXJlciIsImF6cCI6ImxvZ2luLXRlc3RpbmciLCJzaWQiOiI2ZTBhZjhhNy1lMTI2LTRkYmQtYTA5NS01ZTE4ZDI4ZjNjN2IiLCJyZWFsbV9hY2Nlc3MiOnsicm9sZXMiOlsiZGVmYXVsdC1yb2xlcy1ldmVudC10aWNrZXRpbmciLCJvZmZsaW5lX2FjY2VzcyIsInVtYV9hdXRob3JpemF0aW9uIl19LCJyZXNvdXJjZV9hY2Nlc3MiOnsiYWNjb3VudCI6eyJyb2xlcyI6WyJtYW5hZ2UtYWNjb3VudCIsIm1hbmFnZS1hY2NvdW50LWxpbmtzIiwidmlldy1wcm9maWxlIl19fSwic2NvcGUiOiJncm91cF9tZW1iZXJzaGlwIGludGVybmFsLWFwaSIsInVzZXJfZ3JvdXBzIjpbIi9UaWVycy9QUk8iLCIvUGVybWlzc2lvbnMvVXNlcnMiXX0.gIukl3PBOjuWxqeog6ywjsbmk26vKZZqaOC-jOvPXKBKz6kC8o4zuOH6nBPrmeLJ_W-4f2afACi93v42ZxJfPF4o-m7VSl5Fcftk6QotAJW48ajk7Uf0vMgm3rlVdX29vXo4jcNw4yPdikVsRu9eqtywgemi9Qe9c7UBd_L2yT8Pfe3HToIVNPyanxCJu45NLqW2zrsFqv2HDpfOSNGZLbqlvVEbQlBqZoLk9PV7VrRgTGWk00G3Ih21xrMaOpXGmYrqtNVbGpCtZXxjGVKOITwtUIOrZrecWCZb1HKah5X3jue7_qRGLzy1YZG0mQCNLCZamzlXbuzFkyUE0BGvUA"
        }
    }
}