{
    "metrics": {
        "http_req_duration{expected_response:true}": {
            "max": 3669.689981,
            "p(90)": 2511.5032428,
            "p(95)": 2906.5047777999994,
            "avg": 2149.109595117647,
            "min": 52.858,
            "med": 2087.222562
        },
        "http_req_receiving": {
            "p(90)": 0.086,
            "p(95)": 0.121846,
            "avg": 0.12803194569089435,
            "min": 0.018968,
            "med": 0.044033,
            "max": 71.369459
        },
        "data_sent": {
            "count": 6304662,
            "rate": 177829.37194412615
        },
        "order_success": {
            "passes": 16,
            "fails": 15984,
            "thresholds": {
                "rate>0": false
            },
            "value": 0.001
        },
        "successful_bookings": {
            "rate": 0.4512961917872867,
            "count": 16,
            "thresholds": {
                "count>0": false
            }
        },
        "http_req_failed": {
            "passes": 15984,
            "fails": 17,
            "thresholds": {
                "rate<1.0": false
            },
            "value": 0.9989375664020999
        },
        "order_request": {
            "max": 3669.689981,
            "p(90)": 730.7976193000003,
            "p(95)": 1067.19732035,
            "avg": 227.01493950887456,
            "min": 4.547066,
            "med": 21.4553085,
            "thresholds": {
                "p(95)<2000": false
            }
        },
        "vus": {
            "value": 361,
            "min": 361,
            "max": 1000
        },
        "data_received": {
            "count": 8687873,
            "rate": 245050.24997697436
        },
        "failed_bookings": {
            "rate": 450.8448955954994,
            "count": 15984
        },
        "iteration_duration": {
            "max": 5670.105874,
            "p(90)": 2478.4131623000003,
            "p(95)": 2728.8434556499988,
            "avg": 2128.6149646132053,
            "min": 239.625038,
            "med": 2013.460782
        },
        "http_req_tls_handshaking": {
            "p(90)": 0,
            "p(95)": 218.110506,
            "avg": 16.574511813574148,
            "min": 0,
            "med": 0,
            "max": 438.046771
        },
        "http_req_sending": {
            "avg": 0.06543394781576153,
            "min": 0.023478,
            "med": 0.049751,
            "max": 15.069856,
            "p(90)": 0.097209,
            "p(95)": 0.148538
        },
        "http_req_waiting": {
            "avg": 226.81058948690722,
            "min": 4.444354,
            "med": 21.369503,
            "max": 3669.580104,
            "p(90)": 730.561366,
            "p(95)": 1066.941103
        },
        "seat_locked_400": {
            "count": 15984,
            "rate": 450.8448955954994
        },
        "http_req_connecting": {
            "avg": 5.2809140178113845,
            "min": 0,
            "med": 0,
            "max": 323.818131,
            "p(90)": 0,
            "p(95)": 42.76132
        },
        "vus_max": {
            "min": 1000,
            "max": 1000,
            "value": 1000
        },
        "http_reqs": {
            "count": 16001,
            "rate": 451.3243977992734
        },
        "http_req_blocked": {
            "p(90)": 0.000589,
            "p(95)": 333.870502,
            "avg": 25.983896609961818,
            "min": 0.000173,
            "med": 0.000373,
            "max": 570.223778
        },
        "iterations": {
            "count": 16000,
            "rate": 451.2961917872867
        },
        "http_req_duration": {
            "p(90)": 730.718372,
            "p(95)": 1067.19626,
            "avg": 227.00405538041326,
            "min": 4.547066,
            "med": 21.45805,
            "max": 3669.689981,
            "thresholds": {
                "p(95)<2000": false
            }
        }
    },
    "setup_data": {
        "seats": [
            "79cd17f8-e160-4e8b-9c8a-aefb59ee287a",
            "70910468-5a2d-4b0b-88d9-1427ae167237",
            "af24bb02-ad5a-4fda-9810-aa54bf86c840",
            "57c2fbf6-52de-4eaf-bc16-d335a9f9b54a",
            "b583919f-d650-460b-af24-2864c9acf791",
            "d6aafba3-1d91-463a-8320-4671c8b00912",
            "f6b7a2ce-219b-49fb-a105-9609613ef1ca",
            "b2df57f9-1229-4e60-a92e-c364c0e5c9e6",
            "a2858ab4-05a0-45e1-894c-fbf7e50b71c1",
            "c1c8a266-6118-4ac4-a9ae-7c84914460c4",
            "aecf880d-b9b9-4d15-b864-2ed786822933",
            "1231d06a-d5c9-49bb-9a26-29f3a313d6f1",
            "87766d31-439f-406c-aa4d-6f2e0d17f1a2",
            "7ed51c1e-0c01-4d3e-a91d-ef0cdbe1e1b1",
            "3c6cf1f2-1fcc-44e3-b4b6-03827016fec2",
            "24162129-e174-439e-a68f-676c5bcd75b8"
        ],
        "tokenData": {
            "access_token": "eyJhbGciOiJSUzI1NiIsInR5cCIgOiAiSldUIiwia2lkIiA6ICJ2N2JYX3RuankyNWMzUzF3VWRmV2Nlcmt0THVZazhYTEszcWJjamhKME9vIn0.eyJleHAiOjE3NjE0NDQzNTAsImlhdCI6MTc2MTQ0Mzc1MCwianRpIjoib25ydHJvOjk0YTdkYjQwLWM3MzItMTg4MS1iOTkyLWJjNmVkZTk3NmJmOCIsImlzcyI6Imh0dHBzOi8vYXV0aC5kcGl5dW1hbC5tZS9yZWFsbXMvZXZlbnQtdGlja2V0aW5nIiwiYXVkIjoiYWNjb3VudCIsInN1YiI6IjUyMTNlNGU4LWU0NjktNGY1ZS05ZDNhLTY0OTY5ZTExNDYyNSIsInR5cCI6IkJlYXJlciIsImF6cCI6ImxvZ2luLXRlc3RpbmciLCJzaWQiOiIxOTE4MTFjZC0zOTcxLTQxNjctODlkNy02NTE1OWQyNDNlM2UiLCJyZWFsbV9hY2Nlc3MiOnsicm9sZXMiOlsiZGVmYXVsdC1yb2xlcy1ldmVudC10aWNrZXRpbmciLCJvZmZsaW5lX2FjY2VzcyIsInVtYV9hdXRob3JpemF0aW9uIl19LCJyZXNvdXJjZV9hY2Nlc3MiOnsiYWNjb3VudCI6eyJyb2xlcyI6WyJtYW5hZ2UtYWNjb3VudCIsIm1hbmFnZS1hY2NvdW50LWxpbmtzIiwidmlldy1wcm9maWxlIl19fSwic2NvcGUiOiJncm91cF9tZW1iZXJzaGlwIGludGVybmFsLWFwaSIsInVzZXJfZ3JvdXBzIjpbIi9UaWVycy9QUk8iLCIvUGVybWlzc2lvbnMvVXNlcnMiXX0.CAGhS9rgtq_AhBazbLpv514u52uWVoQFWqUGySQ413V2UhkOlVRLlWGp8NQRsvq9WvfpbBVfrEIfFOVOJlbMevdtmO3EBwC3rsfgDz32Gy6D98wymp1kW-SSuTfUWCl_ulXepA9YI6wz7H_lpQ5-JL7t0VLoHLogpDZwrwKhPYZ48ESOriUQ4vDSflNLnCaZw-LVafRujZ04dGDqgoCQVMxoZylwcxWSCq5-zEW-wa4SCOJRmU0d_6kRQ65xdizsl7qbGeuSsrse_70Nm3_hDFhTa7PFLoBlnz3LVWlu-MtTx5i2YbL3a-mUn4qzr0bn9dNq2bp-57sM2zAwmQ-7sw",
            "expires_at": 1761444320377,
            "expires_in": 600
        }
    },
    "root_group": {
        "groups": {},
        "checks": {},
        "name": "",
        "path": "",
        "id": "d41d8cd98f00b204e9800998ecf8427e"
    }
}