{
    "metrics": {
        "iteration_duration": {
            "min": 2.726007,
            "med": 3090.967456,
            "max": 11820.682214,
            "p(90)": 10001.056777,
            "p(95)": 10001.3654613,
            "avg": 4878.499091456485
        },
        "successful_bookings": {
            "count": 3,
            "rate": 0.009048641647453516
        },
        "http_req_failed": {
            "passes": 50447,
            "fails": 40581,
            "value": 0.5541921167113416
        },
        "http_req_connecting": {
            "avg": 0.06552184109285039,
            "min": 0,
            "med": 0,
            "max": 12.614513,
            "p(90)": 0,
            "p(95)": 0
        },
        "http_req_blocked": {
            "avg": 0.17029431355187438,
            "min": 0.000132,
            "med": 0.00039,
            "max": 25.64417,
            "p(90)": 0.000517,
            "p(95)": 0.000617
        },
        "order_request": {
            "p(95)": 10000.8283956,
            "avg": 4806.132419626232,
            "min": 2.372628,
            "med": 3076.420408,
            "max": 10029.100394,
            "p(90)": 10000.5731036,
            "thresholds": {
                "p(95)<3000": true
            }
        },
        "http_req_waiting": {
            "med": 3076.276206,
            "max": 10029.054363,
            "p(90)": 10000.5125513,
            "p(95)": 10000.7677186,
            "avg": 4805.748232813929,
            "min": 0.548608
        },
        "data_sent": {
            "count": 31535406,
            "rate": 95117.52936698517
        },
        "http_req_tls_handshaking": {
            "min": 0,
            "med": 0,
            "max": 22.69207,
            "p(90)": 0,
            "p(95)": 0,
            "avg": 0.10128990307377962
        },
        "iterations": {
            "rate": 274.5569010809171,
            "count": 91027
        },
        "vus": {
            "value": 19,
            "min": 0,
            "max": 2000
        },
        "data_received": {
            "rate": 68611.83804817632,
            "count": 22747670
        },
        "order_expected": {
            "passes": 81160,
            "fails": 100894,
            "thresholds": {
                "rate>0.95": true
            },
            "value": 0.4458017950717919
        },
        "http_req_duration{expected_response:true}": {
            "p(90)": 4170.668722,
            "p(95)": 6324.461089,
            "avg": 2971.4802741641165,
            "min": 9.908437,
            "med": 2897.733702,
            "max": 9999.200351
        },
        "http_reqs": {
            "count": 91028,
            "rate": 274.55991729479956
        },
        "http_req_sending": {
            "avg": 0.0808725976512724,
            "min": 0.022304,
            "med": 0.054019,
            "max": 30.225517,
            "p(90)": 0.08341890000000002,
            "p(95)": 0.12052359999999997
        },
        "http_req_duration": {
            "avg": 4806.080931096883,
            "min": 2.372628,
            "med": 3076.4168675,
            "max": 10029.100394,
            "p(90)": 10000.5731007,
            "p(95)": 10000.8283897,
            "thresholds": {
                "p(95)<3000": true
            }
        },
        "vus_max": {
            "value": 2000,
            "min": 1753,
            "max": 2000
        },
        "unexpected_failures": {
            "count": 50447,
            "rate": 152.15894172969584
        },
        "order_success": {
            "passes": 6,
            "fails": 182048,
            "value": 0.000032957254440990036
        },
        "http_req_receiving": {
            "avg": 0.25182568538251665,
            "min": 0,
            "med": 0.0425265,
            "max": 36.77805,
            "p(90)": 0.25023210000000023,
            "p(95)": 0.9634824999999956
        },
        "server_errors_5xx": {
            "count": 21047,
            "rate": 63.48225358465138,
            "thresholds": {
                "count<10": true
            }
        },
        "seat_already_locked": {
            "rate": 122.38891070957378,
            "count": 40577
        }
    },
    "setup_data": {
        "seats": [
            "79cd17f8-e160-4e8b-9c8a-aefb59ee287a",
            "70910468-5a2d-4b0b-88d9-1427ae167237",
            "af24bb02-ad5a-4fda-9810-aa54bf86c840",
            "57c2fbf6-52de-4eaf-bc16-d335a9f9b54a",
            "b583919f-d650-460b-af24-2864c9acf791",
            "d6aafba3-1d91-463a-8320-4671c8b00912",
            "f6b7a2ce-219b-49fb-a105-9609613ef1ca",
            "b2df57f9-1229-4e60-a92e-c364c0e5c9e6",
            "a2858ab4-05a0-45e1-894c-fbf7e50b71c1",
            "c1c8a266-6118-4ac4-a9ae-7c84914460c4",
            "aecf880d-b9b9-4d15-b864-2ed786822933",
            "1231d06a-d5c9-49bb-9a26-29f3a313d6f1",
            "87766d31-439f-406c-aa4d-6f2e0d17f1a2",
            "7ed51c1e-0c01-4d3e-a91d-ef0cdbe1e1b1",
            "3c6cf1f2-1fcc-44e3-b4b6-03827016fec2",
            "24162129-e174-439e-a68f-676c5bcd75b8"
        ],
        "tokenData": {
            "access_token": "eyJhbGciOiJSUzI1NiIsInR5cCIgOiAiSldUIiwia2lkIiA6ICJ2N2JYX3RuankyNWMzUzF3VWRmV2Nlcmt0THVZazhYTEszcWJjamhKME9vIn0.eyJleHAiOjE3NjExNDk1OTMsImlhdCI6MTc2MTE0ODk5MywianRpIjoib25ydHJvOjdlMWQxOTFiLWNkZDQtMDNmYS0yZjFiLTIwODk0YTllZDJiNCIsImlzcyI6Imh0dHBzOi8vYXV0aC5kcGl5dW1hbC5tZS9yZWFsbXMvZXZlbnQtdGlja2V0aW5nIiwiYXVkIjoiYWNjb3VudCIsInN1YiI6IjUyMTNlNGU4LWU0NjktNGY1ZS05ZDNhLTY0OTY5ZTExNDYyNSIsInR5cCI6IkJlYXJlciIsImF6cCI6ImxvZ2luLXRlc3RpbmciLCJzaWQiOiI0M2ZmMzRkNS1kNjA2LTQyYjgtYjExMS05MzdkZmM0NzNiMzYiLCJyZWFsbV9hY2Nlc3MiOnsicm9sZXMiOlsiZGVmYXVsdC1yb2xlcy1ldmVudC10aWNrZXRpbmciLCJvZmZsaW5lX2FjY2VzcyIsInVtYV9hdXRob3JpemF0aW9uIl19LCJyZXNvdXJjZV9hY2Nlc3MiOnsiYWNjb3VudCI6eyJyb2xlcyI6WyJtYW5hZ2UtYWNjb3VudCIsIm1hbmFnZS1hY2NvdW50LWxpbmtzIiwidmlldy1wcm9maWxlIl19fSwic2NvcGUiOiJncm91cF9tZW1iZXJzaGlwIGludGVybmFsLWFwaSIsInVzZXJfZ3JvdXBzIjpbIi9UaWVycy9QUk8iLCIvUGVybWlzc2lvbnMvVXNlcnMiXX0.gTQsJxeCAJmcBAW6Ojwgh9MRGbyciG4MC8SiY3sh6agbO2IrisTuKTR1YlKwZ4Sazn1aBC_UHOj6UOdYY_IpqsQLIrQjciOkZLTcTMbHldiEYq9k7DDO5GD_IhbOBJ4CybG4aa4Irdq3faYxMYtZKErW9TbgbuWEZ4o8m1FFQSl1P5KSwgewl49R27AKZJAAuSYw1FsqqH-obDEzDqX997bgaWBJnvwo6nyczJYXpS-eqtqIRmxvUwp0x94rGP5PKWQntbiEPQV6zsFNhLyymgcm61Ec04R4V-SbS18jtJsXme8qkFiMGLpNTzQKAsXDEDLit3hziV8XuAvn7d_sqA",
            "expires_at": 1761149563967,
            "expires_in": 600
        }
    },
    "root_group": {
        "groups": {},
        "checks": {},
        "name": "",
        "path": "",
        "id": "d41d8cd98f00b204e9800998ecf8427e"
    }
}