{
    "metrics": {
        "http_req_connecting": {
            "avg": 0.020119011753420513,
            "min": 0,
            "med": 0,
            "max": 20.943612,
            "p(90)": 0,
            "p(95)": 0
        },
        "vus": {
            "value": 1,
            "min": 0,
            "max": 2000
        },
        "data_sent": {
            "count": 92616501,
            "rate": 279358.4662049616
        },
        "iteration_duration": {
            "med": 1504.9145604999999,
            "max": 7933.965305,
            "p(90)": 2148.7836127,
            "p(95)": 2254.8444336499997,
            "avg": 1471.0315340012583,
            "min": 4.83238
        },
        "successful_bookings": {
            "count": 29,
            "rate": 0.08747248527499313
        },
        "order_request": {
            "med": 1504.644386,
            "max": 7933.633763,
            "p(90)": 2148.5324141,
            "p(95)": 2254.5589748999996,
            "avg": 1470.734580077037,
            "min": 4.648739,
            "thresholds": {
                "p(95)<3000": false
            }
        },
        "order_expected": {
            "passes": 594208,
            "fails": 0,
            "thresholds": {
                "rate>0.95": false
            },
            "value": 1
        },
        "server_errors_5xx": {
            "count": 0,
            "rate": 0,
            "thresholds": {
                "count<10": false
            }
        },
        "http_req_receiving": {
            "max": 28.691656,
            "p(90)": 0.1380104000000003,
            "p(95)": 0.3262195999999998,
            "avg": 0.1217164842833358,
            "min": 0.013741,
            "med": 0.048062
        },
        "http_req_duration": {
            "med": 1504.643562,
            "max": 7933.633763,
            "p(90)": 2148.5320878,
            "p(95)": 2254.5579571999997,
            "avg": 1470.7298128215446,
            "min": 4.648739,
            "thresholds": {
                "p(95)<3000": false
            }
        },
        "vus_max": {
            "max": 2000,
            "value": 2000,
            "min": 1876
        },
        "seat_already_locked": {
            "count": 297075,
            "rate": 896.065122864434
        },
        "http_reqs": {
            "count": 297105,
            "rate": 896.1556116423046
        },
        "http_req_duration{expected_response:true}": {
            "avg": 1470.7298128215446,
            "min": 4.648739,
            "med": 1504.643562,
            "max": 7933.633763,
            "p(90)": 2148.5320878,
            "p(95)": 2254.5579571999997
        },
        "http_req_blocked": {
            "avg": 0.05315516054593502,
            "min": 0.00018,
            "med": 0.000389,
            "max": 52.493432,
            "p(90)": 0.000476,
            "p(95)": 0.000522
        },
        "http_req_sending": {
            "max": 20.853016,
            "p(90)": 0.068674,
            "p(95)": 0.0784328,
            "avg": 0.05354537256525445,
            "min": 0.023025,
            "med": 0.049263
        },
        "http_req_waiting": {
            "med": 1504.443636,
            "max": 7933.509793,
            "p(90)": 2148.3737722,
            "p(95)": 2254.3952971999997,
            "avg": 1470.554550964679,
            "min": 4.551297
        },
        "iterations": {
            "count": 297104,
            "rate": 896.1525953497089
        },
        "data_received": {
            "count": 85532930,
            "rate": 257992.34344662132
        },
        "order_success": {
            "passes": 58,
            "fails": 594150,
            "value": 0.0000976089180892886
        },
        "http_req_failed": {
            "passes": 0,
            "fails": 297105,
            "value": 0
        },
        "http_req_tls_handshaking": {
            "med": 0,
            "max": 49.668897,
            "p(90)": 0,
            "p(95)": 0,
            "avg": 0.031706223496743555,
            "min": 0
        }
    },
    "setup_data": {
        "tokenData": {
            "expires_in": 600,
            "access_token": "eyJhbGciOiJSUzI1NiIsInR5cCIgOiAiSldUIiwia2lkIiA6ICJ2N2JYX3RuankyNWMzUzF3VWRmV2Nlcmt0THVZazhYTEszcWJjamhKME9vIn0.eyJleHAiOjE3NjExNjM1MTIsImlhdCI6MTc2MTE2MjkxMiwianRpIjoib25ydHJvOmI0Zjk4MzE5LTg5MGQtYzk1ZS03YmQzLWM2OWY3OTI4MjA0ZiIsImlzcyI6Imh0dHBzOi8vYXV0aC5kcGl5dW1hbC5tZS9yZWFsbXMvZXZlbnQtdGlja2V0aW5nIiwiYXVkIjoiYWNjb3VudCIsInN1YiI6IjUyMTNlNGU4LWU0NjktNGY1ZS05ZDNhLTY0OTY5ZTExNDYyNSIsInR5cCI6IkJlYXJlciIsImF6cCI6ImxvZ2luLXRlc3RpbmciLCJzaWQiOiI5OGIyMGI2OC1mYzc4LTQzZWQtYWJmZC1iOTI4ZDU5MzQxOTQiLCJyZWFsbV9hY2Nlc3MiOnsicm9sZXMiOlsiZGVmYXVsdC1yb2xlcy1ldmVudC10aWNrZXRpbmciLCJvZmZsaW5lX2FjY2VzcyIsInVtYV9hdXRob3JpemF0aW9uIl19LCJyZXNvdXJjZV9hY2Nlc3MiOnsiYWNjb3VudCI6eyJyb2xlcyI6WyJtYW5hZ2UtYWNjb3VudCIsIm1hbmFnZS1hY2NvdW50LWxpbmtzIiwidmlldy1wcm9maWxlIl19fSwic2NvcGUiOiJncm91cF9tZW1iZXJzaGlwIGludGVybmFsLWFwaSIsInVzZXJfZ3JvdXBzIjpbIi9UaWVycy9QUk8iLCIvUGVybWlzc2lvbnMvVXNlcnMiXX0.FcAjwP0IcRd9Yz9oP6HY5nLaTYsEPZ0srKRQqN2mR4SB638eSQuc3Afuhhfgd3G2rbCYcDvQjqaPwv00qVcPjBycC9c3uXm-vB7vYoTNZwqo0LZeSFZddtc0vDDLfScS5s2k7NJngA_Cm2Li96FiGmWdh67HJQzPq1flEdmHUj8lSvu6KG146k1Vk-9PD5Q0cJP7fltOfAT2GCSAsCbc0k1tKCWyircyBL_N_0593hTm-6E7uvh6-xJqr4z3qwBkssNyiOOOoKxOkINBp3BzBZ5DKS98DmKldIY45JnPvKV2nEB0YATBtx0_ixmR8JgKDNGVvIomNTv4SdplCWVc0Q",
            "expires_at": 1761163482334
        },
        "seats": [
            "79cd17f8-e160-4e8b-9c8a-aefb59ee287a",
            "70910468-5a2d-4b0b-88d9-1427ae167237",
            "af24bb02-ad5a-4fda-9810-aa54bf86c840",
            "57c2fbf6-52de-4eaf-bc16-d335a9f9b54a",
            "b583919f-d650-460b-af24-2864c9acf791",
            "d6aafba3-1d91-463a-8320-4671c8b00912",
            "f6b7a2ce-219b-49fb-a105-9609613ef1ca",
            "b2df57f9-1229-4e60-a92e-c364c0e5c9e6",
            "a2858ab4-05a0-45e1-894c-fbf7e50b71c1",
            "c1c8a266-6118-4ac4-a9ae-7c84914460c4",
            "aecf880d-b9b9-4d15-b864-2ed786822933",
            "1231d06a-d5c9-49bb-9a26-29f3a313d6f1",
            "87766d31-439f-406c-aa4d-6f2e0d17f1a2",
            "7ed51c1e-0c01-4d3e-a91d-ef0cdbe1e1b1",
            "3c6cf1f2-1fcc-44e3-b4b6-03827016fec2",
            "24162129-e174-439e-a68f-676c5bcd75b8"
        ]
    },
    "root_group": {
        "name": "",
        "path": "",
        "id": "d41d8cd98f00b204e9800998ecf8427e",
        "groups": {},
        "checks": {}
    }
}