{
    "root_group": {
        "name": "",
        "path": "",
        "id": "d41d8cd98f00b204e9800998ecf8427e",
        "groups": {},
        "checks": {}
    },
    "metrics": {
        "http_req_blocked": {
            "avg": 1.645608194878205,
            "min": 0.000193,
            "med": 0.00038,
            "max": 43.350376,
            "p(90)": 0.000623,
            "p(95)": 19.538561
        },
        "vus_max": {
            "value": 100,
            "min": 100,
            "max": 100
        },
        "iteration_duration": {
            "avg": 1924.0319670331214,
            "min": 108.364168,
            "med": 2009.870715,
            "max": 4122.515708,
            "p(90)": 2041.6719412,
            "p(95)": 2065.5293997
        },
        "http_req_tls_handshaking": {
            "avg": 0.89237734353529,
            "min": 0,
            "med": 0,
            "max": 26.048557,
            "p(90)": 0,
            "p(95)": 7.801338
        },
        "http_req_receiving": {
            "med": 0.049313,
            "max": 1.135842,
            "p(90)": 0.101599,
            "p(95)": 0.126705,
            "avg": 0.06302838101186771,
            "min": 0.01925
        },
        "http_reqs": {
            "count": 1601,
            "rate": 49.15232793403216
        },
        "http_req_duration{expected_response:true}": {
            "p(95)": 2152.2157884,
            "avg": 1952.1787464705883,
            "min": 63.383745,
            "med": 2048.639474,
            "max": 2272.440606,
            "p(90)": 2114.0741411999998
        },
        "http_req_sending": {
            "p(95)": 0.133197,
            "avg": 0.06295476951905045,
            "min": 0.028489,
            "med": 0.05063,
            "max": 0.57122,
            "p(90)": 0.098687
        },
        "http_req_connecting": {
            "p(90)": 0,
            "p(95)": 3.154978,
            "avg": 0.3005526870705808,
            "min": 0,
            "med": 0,
            "max": 8.398623
        },
        "vus": {
            "value": 16,
            "min": 16,
            "max": 100
        },
        "http_req_failed": {
            "passes": 1584,
            "fails": 17,
            "thresholds": {
                "rate<0.99": false
            },
            "value": 0.9893816364772018
        },
        "order_request": {
            "max": 2272.440606,
            "p(90)": 69.39500100000008,
            "p(95)": 163.1919207,
            "avg": 46.69967785250004,
            "min": 4.282746,
            "med": 10.7753275,
            "thresholds": {
                "p(95)<2000": false
            }
        },
        "http_req_waiting": {
            "avg": 46.58411573079324,
            "min": 4.188942,
            "med": 10.658961,
            "max": 2272.212188,
            "p(90)": 69.249217,
            "p(95)": 163.007304
        },
        "order_success": {
            "fails": 1584,
            "passes": 16,
            "thresholds": {
                "rate>0": false
            },
            "value": 0.01
        },
        "successful_bookings": {
            "count": 16,
            "rate": 0.491216269172089
        },
        "data_received": {
            "count": 871865,
            "rate": 26767.14203260771
        },
        "iterations": {
            "rate": 49.1216269172089,
            "count": 1600
        },
        "http_req_duration": {
            "min": 4.282746,
            "med": 10.778794,
            "max": 2272.440606,
            "p(90)": 69.33932,
            "p(95)": 163.174663,
            "avg": 46.71009888132421,
            "thresholds": {
                "p(95)<2000": false
            }
        },
        "data_sent": {
            "count": 630862,
            "rate": 19368.10487515265
        },
        "failed_bookings": {
            "count": 1584,
            "rate": 48.630410648036815
        },
        "seat_locked_400": {
            "count": 1584,
            "rate": 48.630410648036815
        }
    },
    "setup_data": {
        "seats": [
            "79cd17f8-e160-4e8b-9c8a-aefb59ee287a",
            "70910468-5a2d-4b0b-88d9-1427ae167237",
            "af24bb02-ad5a-4fda-9810-aa54bf86c840",
            "57c2fbf6-52de-4eaf-bc16-d335a9f9b54a",
            "b583919f-d650-460b-af24-2864c9acf791",
            "d6aafba3-1d91-463a-8320-4671c8b00912",
            "f6b7a2ce-219b-49fb-a105-9609613ef1ca",
            "b2df57f9-1229-4e60-a92e-c364c0e5c9e6",
            "a2858ab4-05a0-45e1-894c-fbf7e50b71c1",
            "c1c8a266-6118-4ac4-a9ae-7c84914460c4",
            "aecf880d-b9b9-4d15-b864-2ed786822933",
            "1231d06a-d5c9-49bb-9a26-29f3a313d6f1",
            "87766d31-439f-406c-aa4d-6f2e0d17f1a2",
            "7ed51c1e-0c01-4d3e-a91d-ef0cdbe1e1b1",
            "3c6cf1f2-1fcc-44e3-b4b6-03827016fec2",
            "24162129-e174-439e-a68f-676c5bcd75b8"
        ],
        "tokenData": {
            "access_token": "eyJhbGciOiJSUzI1NiIsInR5cCIgOiAiSldUIiwia2lkIiA6ICJ2N2JYX3RuankyNWMzUzF3VWRmV2Nlcmt0THVZazhYTEszcWJjamhKME9vIn0.eyJleHAiOjE3NjExNTgzNTgsImlhdCI6MTc2MTE1Nzc1OCwianRpIjoib25ydHJvOjEyMzc1NDkzLWY0MzEtYzEyMy0zY2QyLTVkMTNiZjI4OGNjOCIsImlzcyI6Imh0dHBzOi8vYXV0aC5kcGl5dW1hbC5tZS9yZWFsbXMvZXZlbnQtdGlja2V0aW5nIiwiYXVkIjoiYWNjb3VudCIsInN1YiI6IjUyMTNlNGU4LWU0NjktNGY1ZS05ZDNhLTY0OTY5ZTExNDYyNSIsInR5cCI6IkJlYXJlciIsImF6cCI6ImxvZ2luLXRlc3RpbmciLCJzaWQiOiJlNGRkZmQ0Zi05ZWE1LTRjMGMtYWJmZC0yZjZmYzI1OGVkMWMiLCJyZWFsbV9hY2Nlc3MiOnsicm9sZXMiOlsiZGVmYXVsdC1yb2xlcy1ldmVudC10aWNrZXRpbmciLCJvZmZsaW5lX2FjY2VzcyIsInVtYV9hdXRob3JpemF0aW9uIl19LCJyZXNvdXJjZV9hY2Nlc3MiOnsiYWNjb3VudCI6eyJyb2xlcyI6WyJtYW5hZ2UtYWNjb3VudCIsIm1hbmFnZS1hY2NvdW50LWxpbmtzIiwidmlldy1wcm9maWxlIl19fSwic2NvcGUiOiJncm91cF9tZW1iZXJzaGlwIGludGVybmFsLWFwaSIsInVzZXJfZ3JvdXBzIjpbIi9UaWVycy9QUk8iLCIvUGVybWlzc2lvbnMvVXNlcnMiXX0.AWVQHPhDw16G2o9wiVeG9vW68XiKeNyHi1A_0BuvoBqDkE4sII-7Glog52AK_6q4MJ-YbnV-mhRgt5rn_shl4qSF-kldbFRUVSS1CP-ttvn2Sfz5fA99Qd4xRQmOABkm15CR_W8r0OvNyJsI_MoeZKhiJXnmmD1MBEEP4vUCr0U_vb1atLxioJQ7riqYf0DW9jC9AfrfruGZlcrmTeOGHSAeWMaQTk7yPjovpg-EW4a0K7PiPNcOl7opGr-TjUxM7D7ir0rlT1-AC2IkiNW1hGioZlQPoJf87cd2I7-CZS_Y6-ziWW1w0hCxB81Lo8bSwcThEh7iNuqDHrNwxPHddQ",
            "expires_at": 1761158328103,
            "expires_in": 600
        }
    }
}