{
    "root_group": {
        "path": "",
        "id": "d41d8cd98f00b204e9800998ecf8427e",
        "groups": {},
        "checks": {},
        "name": ""
    },
    "metrics": {
        "http_req_duration": {
            "med": 7.293794,
            "max": 3539.27733,
            "p(90)": 255.010709,
            "p(95)": 2917.833635,
            "avg": 234.70272041786322,
            "min": 4.470944,
            "thresholds": {
                "p(95)<2000": true
            }
        },
        "failed_bookings": {
            "count": 1584,
            "rate": 46.36381849209881
        },
        "vus": {
            "max": 100,
            "value": 100,
            "min": 100
        },
        "http_req_failed": {
            "passes": 1584,
            "fails": 17,
            "thresholds": {
                "rate<0.99": false
            },
            "value": 0.9893816364772018
        },
        "http_req_blocked": {
            "avg": 6.8241444478450894,
            "min": 0.000194,
            "med": 0.000417,
            "max": 123.474966,
            "p(90)": 0.000779,
            "p(95)": 101.723333
        },
        "order_success": {
            "passes": 16,
            "fails": 1584,
            "thresholds": {
                "rate>0": false
            },
            "value": 0.01
        },
        "successful_bookings": {
            "count": 16,
            "rate": 0.46832139891008895
        },
        "http_req_duration{expected_response:true}": {
            "p(90)": 300.07434300000006,
            "p(95)": 825.2580973999986,
            "avg": 249.62946764705885,
            "min": 50.674887,
            "med": 86.614542,
            "max": 2488.293943
        },
        "http_req_tls_handshaking": {
            "avg": 0.8996445003123048,
            "min": 0,
            "med": 0,
            "max": 25.986959,
            "p(90)": 0,
            "p(95)": 8.571204
        },
        "data_received": {
            "count": 867228,
            "rate": 25383.839383374914
        },
        "http_req_waiting": {
            "avg": 234.57282903435342,
            "min": 4.348642,
            "med": 7.164263,
            "max": 3539.121493,
            "p(90)": 254.863457,
            "p(95)": 2917.674464
        },
        "http_req_receiving": {
            "p(95)": 0.129288,
            "avg": 0.06550215802623355,
            "min": 0.021032,
            "med": 0.054631,
            "max": 0.777111,
            "p(90)": 0.101079
        },
        "iterations": {
            "count": 1600,
            "rate": 46.83213989100889
        },
        "order_request": {
            "avg": 234.81139465624935,
            "min": 4.470944,
            "med": 7.291055,
            "max": 3539.27733,
            "p(90)": 255.78523460000105,
            "p(95)": 2918.0035477499996,
            "thresholds": {
                "p(95)<2000": true
            }
        },
        "data_sent": {
            "count": 631262,
            "rate": 18477.093932423784
        },
        "seat_locked_400": {
            "count": 1584,
            "rate": 46.36381849209881
        },
        "http_req_connecting": {
            "p(95)": 2.780673,
            "avg": 0.2900982036227358,
            "min": 0,
            "med": 0,
            "max": 8.592901,
            "p(90)": 0
        },
        "iteration_duration": {
            "p(95)": 3028.7501259,
            "avg": 2117.3233820518712,
            "min": 2004.756921,
            "med": 2008.082117,
            "max": 3658.251406,
            "p(90)": 2256.938443300001
        },
        "http_reqs": {
            "count": 1601,
            "rate": 46.861409978440776
        },
        "http_req_sending": {
            "p(90)": 0.093657,
            "p(95)": 0.111123,
            "avg": 0.06438922548407264,
            "min": 0.028671,
            "med": 0.057443,
            "max": 0.489942
        },
        "vus_max": {
            "max": 100,
            "value": 100,
            "min": 100
        }
    },
    "setup_data": {
        "seats": [
            "79cd17f8-e160-4e8b-9c8a-aefb59ee287a",
            "70910468-5a2d-4b0b-88d9-1427ae167237",
            "af24bb02-ad5a-4fda-9810-aa54bf86c840",
            "57c2fbf6-52de-4eaf-bc16-d335a9f9b54a",
            "b583919f-d650-460b-af24-2864c9acf791",
            "d6aafba3-1d91-463a-8320-4671c8b00912",
            "f6b7a2ce-219b-49fb-a105-9609613ef1ca",
            "b2df57f9-1229-4e60-a92e-c364c0e5c9e6",
            "a2858ab4-05a0-45e1-894c-fbf7e50b71c1",
            "c1c8a266-6118-4ac4-a9ae-7c84914460c4",
            "aecf880d-b9b9-4d15-b864-2ed786822933",
            "1231d06a-d5c9-49bb-9a26-29f3a313d6f1",
            "87766d31-439f-406c-aa4d-6f2e0d17f1a2",
            "7ed51c1e-0c01-4d3e-a91d-ef0cdbe1e1b1",
            "3c6cf1f2-1fcc-44e3-b4b6-03827016fec2",
            "24162129-e174-439e-a68f-676c5bcd75b8"
        ],
        "tokenData": {
            "access_token": "eyJhbGciOiJSUzI1NiIsInR5cCIgOiAiSldUIiwia2lkIiA6ICJ2N2JYX3RuankyNWMzUzF3VWRmV2Nlcmt0THVZazhYTEszcWJjamhKME9vIn0.eyJleHAiOjE3NjExNjIyMjcsImlhdCI6MTc2MTE2MTYyNywianRpIjoib25ydHJvOjAzYzI5MTk5LTA0OTktN2E1NS04YWE4LWVmZjlkOTcwODlhMyIsImlzcyI6Imh0dHBzOi8vYXV0aC5kcGl5dW1hbC5tZS9yZWFsbXMvZXZlbnQtdGlja2V0aW5nIiwiYXVkIjoiYWNjb3VudCIsInN1YiI6IjUyMTNlNGU4LWU0NjktNGY1ZS05ZDNhLTY0OTY5ZTExNDYyNSIsInR5cCI6IkJlYXJlciIsImF6cCI6ImxvZ2luLXRlc3RpbmciLCJzaWQiOiIxMDA3YmVmNy1lODRhLTQ2YjktOTg4MS0zOTdlYjMzNTkzYWUiLCJyZWFsbV9hY2Nlc3MiOnsicm9sZXMiOlsiZGVmYXVsdC1yb2xlcy1ldmVudC10aWNrZXRpbmciLCJvZmZsaW5lX2FjY2VzcyIsInVtYV9hdXRob3JpemF0aW9uIl19LCJyZXNvdXJjZV9hY2Nlc3MiOnsiYWNjb3VudCI6eyJyb2xlcyI6WyJtYW5hZ2UtYWNjb3VudCIsIm1hbmFnZS1hY2NvdW50LWxpbmtzIiwidmlldy1wcm9maWxlIl19fSwic2NvcGUiOiJncm91cF9tZW1iZXJzaGlwIGludGVybmFsLWFwaSIsInVzZXJfZ3JvdXBzIjpbIi9UaWVycy9QUk8iLCIvUGVybWlzc2lvbnMvVXNlcnMiXX0.OtSDPMkqw0NGog8ZaPrul-Iak6Ryn4qKIQ7DU82gMKAmuXn85QjUSwyvyjeAUogHE-NhJthgh3CCKFDOkl6gsERurHaFVONiatcIxsOXRCqJ_s4TrAkKL54uKJyH7HpNcwY5lR7oEE3q1dhC0CTIvYBw_lPeQH-Qmn1st0UZ-mNBAzkPSG87FLH1irHRf4IhYOtK8F1lpW62-tXcNIFTMemvWVd0KR_nCO3W8NzlJGQloD9U74Jn0Uy__cBBVIj3-LDkaY9nY3r9mXtBIl5zjJBpWlX37pG1KWFp8eqfFDlWhG95gq8BTe7XXoFwhBXSbE3A7O1GleZ9XZLEzYNeyA",
            "expires_at": 1761162197189,
            "expires_in": 600
        }
    }
}