{
    "root_group": {
        "groups": {},
        "checks": {},
        "name": "",
        "path": "",
        "id": "d41d8cd98f00b204e9800998ecf8427e"
    },
    "metrics": {
        "http_req_blocked": {
            "p(90)": 0.000474,
            "p(95)": 0.000527,
            "avg": 0.04520567408570436,
            "min": 0.000191,
            "med": 0.000376,
            "max": 79.981897
        },
        "vus": {
            "max": 300,
            "value": 300,
            "min": 4
        },
        "order_success": {
            "passes": 16,
            "fails": 109520,
            "value": 0.00014607069821793748
        },
        "http_req_tls_handshaking": {
            "avg": 0.026104480655115135,
            "min": 0,
            "med": 0,
            "max": 50.710996,
            "p(90)": 0,
            "p(95)": 0
        },
        "http_req_failed": {
            "passes": 54760,
            "fails": 9,
            "value": 0.9998356734649163
        },
        "seat_already_locked": {
            "rate": 319.14873349491944,
            "count": 54760
        },
        "vus_max": {
            "value": 400,
            "min": 400,
            "max": 400
        },
        "order_expected": {
            "passes": 109536,
            "fails": 0,
            "thresholds": {
                "rate>0.95": false
            },
            "value": 1
        },
        "http_req_connecting": {
            "avg": 0.016591645785024384,
            "min": 0,
            "med": 0,
            "max": 12.262092,
            "p(90)": 0,
            "p(95)": 0
        },
        "iteration_duration": {
            "avg": 688.2989515464014,
            "min": 10.652064,
            "med": 677.300932,
            "max": 5007.061516,
            "p(90)": 1048.8908697,
            "p(95)": 1188.7585408999998
        },
        "successful_bookings": {
            "count": 8,
            "rate": 0.04662508889626288
        },
        "order_request": {
            "p(95)": 1188.5443789,
            "avg": 688.0193700065948,
            "min": 10.289377,
            "med": 677.0471259999999,
            "max": 5006.781325,
            "p(90)": 1048.6673166,
            "thresholds": {
                "p(95)<3000": false
            }
        },
        "http_req_sending": {
            "p(90)": 0.07959400000000003,
            "p(95)": 0.0891956,
            "avg": 0.06081918320582872,
            "min": 0.027514,
            "med": 0.057887,
            "max": 7.853279
        },
        "iterations": {
            "count": 54768,
            "rate": 319.1953585838157
        },
        "http_req_duration{expected_response:true}": {
            "p(95)": 4913.983517,
            "avg": 3959.3537577777774,
            "min": 64.838056,
            "med": 4300.540568,
            "max": 5006.781325,
            "p(90)": 4821.185708999999
        },
        "http_req_receiving": {
            "avg": 0.07860517146560944,
            "min": 0.018642,
            "med": 0.051933,
            "max": 22.884176,
            "p(90)": 0.10751180000000006,
            "p(95)": 0.142918
        },
        "server_errors_5xx": {
            "count": 0,
            "rate": 0,
            "thresholds": {
                "count<10": false
            }
        },
        "http_req_waiting": {
            "min": 10.173675,
            "med": 676.863484,
            "max": 5006.690065,
            "p(90)": 1048.4739132000004,
            "p(95)": 1188.1566618,
            "avg": 687.8685672934746
        },
        "data_sent": {
            "count": 17059360,
            "rate": 99424.2720641689
        },
        "data_received": {
            "rate": 76364.69786398024,
            "count": 13102765
        },
        "http_req_duration": {
            "avg": 688.007991648144,
            "min": 10.289377,
            "med": 677.038266,
            "max": 5006.781325,
            "p(90)": 1048.6653454000002,
            "p(95)": 1188.5443436,
            "thresholds": {
                "p(95)<3000": false
            }
        },
        "http_reqs": {
            "count": 54769,
            "rate": 319.2011867199277
        }
    },
    "setup_data": {
        "seats": [
            "79cd17f8-e160-4e8b-9c8a-aefb59ee287a",
            "70910468-5a2d-4b0b-88d9-1427ae167237",
            "af24bb02-ad5a-4fda-9810-aa54bf86c840",
            "57c2fbf6-52de-4eaf-bc16-d335a9f9b54a",
            "b583919f-d650-460b-af24-2864c9acf791",
            "d6aafba3-1d91-463a-8320-4671c8b00912",
            "f6b7a2ce-219b-49fb-a105-9609613ef1ca",
            "b2df57f9-1229-4e60-a92e-c364c0e5c9e6",
            "a2858ab4-05a0-45e1-894c-fbf7e50b71c1",
            "c1c8a266-6118-4ac4-a9ae-7c84914460c4",
            "aecf880d-b9b9-4d15-b864-2ed786822933",
            "1231d06a-d5c9-49bb-9a26-29f3a313d6f1",
            "87766d31-439f-406c-aa4d-6f2e0d17f1a2",
            "7ed51c1e-0c01-4d3e-a91d-ef0cdbe1e1b1",
            "3c6cf1f2-1fcc-44e3-b4b6-03827016fec2",
            "24162129-e174-439e-a68f-676c5bcd75b8"
        ],
        "tokenData": {
            "expires_at": 1761149073915,
            "expires_in": 600,
            "access_token": "eyJhbGciOiJSUzI1NiIsInR5cCIgOiAiSldUIiwia2lkIiA6ICJ2N2JYX3RuankyNWMzUzF3VWRmV2Nlcmt0THVZazhYTEszcWJjamhKME9vIn0.eyJleHAiOjE3NjExNDkxMDMsImlhdCI6MTc2MTE0ODUwMywianRpIjoib25ydHJvOjkyZTljNGY0LTMyMTItZDU3My04YzQyLTE1NGMwMGEwYmI5ZCIsImlzcyI6Imh0dHBzOi8vYXV0aC5kcGl5dW1hbC5tZS9yZWFsbXMvZXZlbnQtdGlja2V0aW5nIiwiYXVkIjoiYWNjb3VudCIsInN1YiI6IjUyMTNlNGU4LWU0NjktNGY1ZS05ZDNhLTY0OTY5ZTExNDYyNSIsInR5cCI6IkJlYXJlciIsImF6cCI6ImxvZ2luLXRlc3RpbmciLCJzaWQiOiJmMWI4ZjU2Ni1hMmExLTQzZWYtYjQ1ZS1mYTA2ZDBkMmJjYmMiLCJyZWFsbV9hY2Nlc3MiOnsicm9sZXMiOlsiZGVmYXVsdC1yb2xlcy1ldmVudC10aWNrZXRpbmciLCJvZmZsaW5lX2FjY2VzcyIsInVtYV9hdXRob3JpemF0aW9uIl19LCJyZXNvdXJjZV9hY2Nlc3MiOnsiYWNjb3VudCI6eyJyb2xlcyI6WyJtYW5hZ2UtYWNjb3VudCIsIm1hbmFnZS1hY2NvdW50LWxpbmtzIiwidmlldy1wcm9maWxlIl19fSwic2NvcGUiOiJncm91cF9tZW1iZXJzaGlwIGludGVybmFsLWFwaSIsInVzZXJfZ3JvdXBzIjpbIi9UaWVycy9QUk8iLCIvUGVybWlzc2lvbnMvVXNlcnMiXX0.lcFP3gkr0LyXz3YTZOWT5Bpj4hxkAbJuHSvT1ndwUw5syq16968Vwz5k-8AuPcwbMLhVNv0u27xj6LvquvZpJpPTEU-f5ztEgDDySs-mx2ty6me3PSCPZ0Pl4xwVf3wTAdlXjwmM6jdu1t0DXDLFuHMbeq8mc7Ec9omqa6PiAGQ_-cDUpYDKdFv2Uk5RT67yNhfnptqu2zjocbRAoPQ9VyFeJEu6Lmfc5fzhEHsqABgyJ0dHJCEHIJJF3qda1aOseekO6nf24rZ0CG1aUushYtBs0UGJiBvLnOvioeEwsz5Vnbb2Qd1_VgITUi9xZP_Xx51YWzEm_0FmS184kfY6Yw"
        }
    }
}