{
    "metrics": {
        "failed_bookings": {
            "count": 1600,
            "rate": 52.447047172516605
        },
        "http_req_blocked": {
            "med": 0.000364,
            "max": 78.051453,
            "p(90)": 0.000559,
            "p(95)": 23.295884,
            "avg": 2.0693000387257943,
            "min": 0.000188
        },
        "order_success": {
            "passes": 0,
            "fails": 1600,
            "thresholds": {
                "rate>0": true
            },
            "value": 0
        },
        "http_reqs": {
            "rate": 52.47982657699943,
            "count": 1601
        },
        "http_req_connecting": {
            "avg": 0.3036054034978139,
            "min": 0,
            "med": 0,
            "max": 9.077317,
            "p(90)": 0,
            "p(95)": 3.13209
        },
        "http_req_waiting": {
            "avg": 16.511148752029943,
            "min": 4.738817,
            "med": 7.638659,
            "max": 213.557363,
            "p(90)": 34.852356,
            "p(95)": 59.913191
        },
        "iteration_duration": {
            "p(95)": 2053.7087196999996,
            "avg": 1894.2429570481233,
            "min": 52.469344,
            "med": 2008.1018735,
            "max": 2213.866048,
            "p(90)": 2018.4426225
        },
        "vus_max": {
            "value": 100,
            "min": 100,
            "max": 100
        },
        "data_received": {
            "rate": 28735.311013563572,
            "count": 876627
        },
        "order_request": {
            "med": 7.7514400000000006,
            "max": 213.642065,
            "p(90)": 35.01091980000001,
            "p(95)": 59.99987185,
            "avg": 16.613416661249993,
            "min": 4.853095,
            "thresholds": {
                "p(95)<2000": false
            }
        },
        "http_req_duration{expected_response:true}": {
            "min": 53.269648,
            "med": 53.269648,
            "max": 53.269648,
            "p(90)": 53.269648,
            "p(95)": 53.269648,
            "avg": 53.269648
        },
        "data_sent": {
            "count": 631462,
            "rate": 20698.9483135323
        },
        "http_req_duration": {
            "min": 4.853095,
            "med": 7.755798,
            "max": 213.642065,
            "p(90)": 35.097894,
            "p(95)": 59.994396,
            "avg": 16.63631249594003,
            "thresholds": {
                "p(95)<2000": false
            }
        },
        "http_req_sending": {
            "p(95)": 0.123272,
            "avg": 0.056903522798251054,
            "min": 0.025587,
            "med": 0.046857,
            "max": 0.537362,
            "p(90)": 0.083147
        },
        "vus": {
            "value": 100,
            "min": 100,
            "max": 100
        },
        "http_req_tls_handshaking": {
            "p(95)": 8.679639,
            "avg": 1.1307466271080573,
            "min": 0,
            "med": 0,
            "max": 66.745545,
            "p(90)": 0
        },
        "http_req_failed": {
            "passes": 1600,
            "fails": 1,
            "thresholds": {
                "rate<0.99": true
            },
            "value": 0.9993753903810119
        },
        "iterations": {
            "count": 1600,
            "rate": 52.447047172516605
        },
        "http_req_receiving": {
            "max": 11.189346,
            "p(90)": 0.088681,
            "p(95)": 0.129572,
            "avg": 0.06826022111180505,
            "min": 0.017939,
            "med": 0.045329
        },
        "seat_locked_400": {
            "rate": 52.447047172516605,
            "count": 1600
        }
    },
    "setup_data": {
        "tokenData": {
            "access_token": "eyJhbGciOiJSUzI1NiIsInR5cCIgOiAiSldUIiwia2lkIiA6ICJ2N2JYX3RuankyNWMzUzF3VWRmV2Nlcmt0THVZazhYTEszcWJjamhKME9vIn0.eyJleHAiOjE3NjE0MjQwMDEsImlhdCI6MTc2MTQyMzQwMSwianRpIjoib25ydHJvOjFhOTM1ODQxLWI1MTItNGNlZi0wMGE2LTk5MWM4YzViMjVlZCIsImlzcyI6Imh0dHBzOi8vYXV0aC5kcGl5dW1hbC5tZS9yZWFsbXMvZXZlbnQtdGlja2V0aW5nIiwiYXVkIjoiYWNjb3VudCIsInN1YiI6IjUyMTNlNGU4LWU0NjktNGY1ZS05ZDNhLTY0OTY5ZTExNDYyNSIsInR5cCI6IkJlYXJlciIsImF6cCI6ImxvZ2luLXRlc3RpbmciLCJzaWQiOiI1YTQ0ZDZhZS0xYThlLTQzZGMtODAzYy0xYzk4YzIyOTAwMDIiLCJyZWFsbV9hY2Nlc3MiOnsicm9sZXMiOlsiZGVmYXVsdC1yb2xlcy1ldmVudC10aWNrZXRpbmciLCJvZmZsaW5lX2FjY2VzcyIsInVtYV9hdXRob3JpemF0aW9uIl19LCJyZXNvdXJjZV9hY2Nlc3MiOnsiYWNjb3VudCI6eyJyb2xlcyI6WyJtYW5hZ2UtYWNjb3VudCIsIm1hbmFnZS1hY2NvdW50LWxpbmtzIiwidmlldy1wcm9maWxlIl19fSwic2NvcGUiOiJncm91cF9tZW1iZXJzaGlwIGludGVybmFsLWFwaSIsInVzZXJfZ3JvdXBzIjpbIi9UaWVycy9QUk8iLCIvUGVybWlzc2lvbnMvVXNlcnMiXX0.k_dAh3wsh_fGIKpn_H0H_NrxwGZWoHT4WdLSaYd_h2ZopRjj3h5MsMrkGIYjROjcFmZBh22jn2rXacjJeDoZIHXyjKfBCwWwKCgBEkx7aEWQ1pKzxBuyTmLbsHQdJFkLnbQ9ffK8kDlXe2SHQTlQ1afe5TYSkOnPoC8fiRfX2DkDJMYkWDt7SSI6hzFM2Z86OW4gGR6XUTFUc9OPQMpm_9zUE1aBJR-gfzUJJCM-wNp3lkAKnZ0I8nTdIkgNcJt0dltK63ByEqZEbE-vP3C9_nxDZH1tni6zsl-n-zdxWa06TH3md1Ss8cOo4lmM7HDS37Osbx4GjkDr1Jdv0Y3Low",
            "expires_at": 1761423971560,
            "expires_in": 600
        },
        "seats": [
            "79cd17f8-e160-4e8b-9c8a-aefb59ee287a",
            "70910468-5a2d-4b0b-88d9-1427ae167237",
            "af24bb02-ad5a-4fda-9810-aa54bf86c840",
            "57c2fbf6-52de-4eaf-bc16-d335a9f9b54a",
            "b583919f-d650-460b-af24-2864c9acf791",
            "d6aafba3-1d91-463a-8320-4671c8b00912",
            "f6b7a2ce-219b-49fb-a105-9609613ef1ca",
            "b2df57f9-1229-4e60-a92e-c364c0e5c9e6",
            "a2858ab4-05a0-45e1-894c-fbf7e50b71c1",
            "c1c8a266-6118-4ac4-a9ae-7c84914460c4",
            "aecf880d-b9b9-4d15-b864-2ed786822933",
            "1231d06a-d5c9-49bb-9a26-29f3a313d6f1",
            "87766d31-439f-406c-aa4d-6f2e0d17f1a2",
            "7ed51c1e-0c01-4d3e-a91d-ef0cdbe1e1b1",
            "3c6cf1f2-1fcc-44e3-b4b6-03827016fec2",
            "24162129-e174-439e-a68f-676c5bcd75b8"
        ]
    },
    "root_group": {
        "name": "",
        "path": "",
        "id": "d41d8cd98f00b204e9800998ecf8427e",
        "groups": {},
        "checks": {}
    }
}