{
    "metrics": {
        "http_reqs": {
            "rate": 0.2711702092933056,
            "count": 1
        },
        "http_req_duration{expected_response:true}": {
            "min": 62.864941,
            "med": 62.864941,
            "max": 62.864941,
            "p(90)": 62.864941,
            "p(95)": 62.864941,
            "avg": 62.864941
        },
        "http_req_failed": {
            "passes": 0,
            "fails": 1,
            "value": 0
        },
        "server_errors_5xx": {
            "count": 0,
            "rate": 0,
            "thresholds": {
                "count<10": false
            }
        },
        "http_req_connecting": {
            "p(95)": 3.822179,
            "avg": 3.822179,
            "min": 3.822179,
            "med": 3.822179,
            "max": 3.822179,
            "p(90)": 3.822179
        },
        "data_received": {
            "count": 5228,
            "rate": 1417.6778541854017
        },
        "order_success": {
            "fails": 4999,
            "passes": 0,
            "value": 0
        },
        "unexpected_failures": {
            "count": 4999,
            "rate": 1355.5798762572347
        },
        "data_sent": {
            "count": 662,
            "rate": 179.5146785521683
        },
        "vus": {
            "value": 4,
            "min": 1,
            "max": 4
        },
        "http_req_sending": {
            "avg": 0.090109,
            "min": 0.090109,
            "med": 0.090109,
            "max": 0.090109,
            "p(90)": 0.090109,
            "p(95)": 0.090109
        },
        "iterations": {
            "count": 4999,
            "rate": 1355.5798762572347
        },
        "http_req_receiving": {
            "avg": 0.174755,
            "min": 0.174755,
            "med": 0.174755,
            "max": 0.174755,
            "p(90)": 0.174755,
            "p(95)": 0.174755
        },
        "errors": {
            "passes": 4999,
            "fails": 0,
            "value": 1
        },
        "http_req_duration": {
            "min": 62.864941,
            "med": 62.864941,
            "max": 62.864941,
            "p(90)": 62.864941,
            "p(95)": 62.864941,
            "avg": 62.864941,
            "thresholds": {
                "p(95)<3000": false
            }
        },
        "order_expected": {
            "passes": 0,
            "fails": 4999,
            "thresholds": {
                "rate>0.95": true
            },
            "value": 0
        },
        "http_req_waiting": {
            "avg": 62.600077,
            "min": 62.600077,
            "med": 62.600077,
            "max": 62.600077,
            "p(90)": 62.600077,
            "p(95)": 62.600077
        },
        "iteration_duration": {
            "avg": 1.6082095785157062,
            "min": 0.030674,
            "med": 0.08346,
            "max": 200.901222,
            "p(90)": 0.3032256,
            "p(95)": 0.5613
        },
        "order_request": {
            "p(95)": 0,
            "avg": 0,
            "min": 0,
            "med": 0,
            "max": 0,
            "p(90)": 0,
            "thresholds": {
                "p(95)<3000": false
            }
        },
        "http_req_blocked": {
            "avg": 16.632048,
            "min": 16.632048,
            "med": 16.632048,
            "max": 16.632048,
            "p(90)": 16.632048,
            "p(95)": 16.632048
        },
        "http_req_tls_handshaking": {
            "avg": 8.561356,
            "min": 8.561356,
            "med": 8.561356,
            "max": 8.561356,
            "p(90)": 8.561356,
            "p(95)": 8.561356
        },
        "vus_max": {
            "max": 100,
            "value": 100,
            "min": 100
        }
    },
    "setup_data": {
        "seats": [
            "79cd17f8-e160-4e8b-9c8a-aefb59ee287a",
            "70910468-5a2d-4b0b-88d9-1427ae167237",
            "af24bb02-ad5a-4fda-9810-aa54bf86c840",
            "57c2fbf6-52de-4eaf-bc16-d335a9f9b54a",
            "b583919f-d650-460b-af24-2864c9acf791",
            "d6aafba3-1d91-463a-8320-4671c8b00912",
            "f6b7a2ce-219b-49fb-a105-9609613ef1ca",
            "b2df57f9-1229-4e60-a92e-c364c0e5c9e6",
            "a2858ab4-05a0-45e1-894c-fbf7e50b71c1",
            "c1c8a266-6118-4ac4-a9ae-7c84914460c4",
            "aecf880d-b9b9-4d15-b864-2ed786822933",
            "1231d06a-d5c9-49bb-9a26-29f3a313d6f1",
            "87766d31-439f-406c-aa4d-6f2e0d17f1a2",
            "7ed51c1e-0c01-4d3e-a91d-ef0cdbe1e1b1",
            "3c6cf1f2-1fcc-44e3-b4b6-03827016fec2",
            "24162129-e174-439e-a68f-676c5bcd75b8"
        ],
        "tokenData": {
            "access_token": "eyJhbGciOiJSUzI1NiIsInR5cCIgOiAiSldUIiwia2lkIiA6ICJ2N2JYX3RuankyNWMzUzF3VWRmV2Nlcmt0THVZazhYTEszcWJjamhKME9vIn0.eyJleHAiOjE3NjExNDcxOTQsImlhdCI6MTc2MTE0NjU5NCwianRpIjoib25ydHJvOjhkMmM1YWRiLTY2NTMtN2ExNS1iNmEyLTgyMzYyMTg4ZDZlNiIsImlzcyI6Imh0dHBzOi8vYXV0aC5kcGl5dW1hbC5tZS9yZWFsbXMvZXZlbnQtdGlja2V0aW5nIiwiYXVkIjoiYWNjb3VudCIsInN1YiI6IjUyMTNlNGU4LWU0NjktNGY1ZS05ZDNhLTY0OTY5ZTExNDYyNSIsInR5cCI6IkJlYXJlciIsImF6cCI6ImxvZ2luLXRlc3RpbmciLCJzaWQiOiJkNTJiNmRhYi1iM2Q4LTQ4N2UtYWRhMC00ZDYwY2JmNzIwZjIiLCJyZWFsbV9hY2Nlc3MiOnsicm9sZXMiOlsiZGVmYXVsdC1yb2xlcy1ldmVudC10aWNrZXRpbmciLCJvZmZsaW5lX2FjY2VzcyIsInVtYV9hdXRob3JpemF0aW9uIl19LCJyZXNvdXJjZV9hY2Nlc3MiOnsiYWNjb3VudCI6eyJyb2xlcyI6WyJtYW5hZ2UtYWNjb3VudCIsIm1hbmFnZS1hY2NvdW50LWxpbmtzIiwidmlldy1wcm9maWxlIl19fSwic2NvcGUiOiJncm91cF9tZW1iZXJzaGlwIGludGVybmFsLWFwaSIsInVzZXJfZ3JvdXBzIjpbIi9UaWVycy9QUk8iLCIvUGVybWlzc2lvbnMvVXNlcnMiXX0.AK8UubJzwWvnUvnmtnUxU_1av6bywP3s1ofG95wsVPy6m4mUDt2nJwmYU4sA790SVT-Znz8JcAkdYtYGBLSOW6jC3BLThyu8iP-I0uVpvEiB0XRGjEjLQdxx_wpRJXo22Hiv_5eXNLqNHkEsvngS9esqcNjHc_CkabXLV_HM-MeDphs2tFg-kANg9ySbuUOVep0v7um3Vi20imH6OYp5SwgPPbaVmyulTQNdS-ZKVpMhq7NjmZuziaKxyTKdYvOJM83PsbIgLFvrKkcp00_JCY6HcK2m2pjmQwijP_7_kZX69E4GadFkM7bjBCchV6u6RM9lrrvTyRhBUbxIoU7u3A",
            "expires_at": 1761147164017,
            "expires_in": 600
        }
    },
    "root_group": {
        "name": "",
        "path": "",
        "id": "d41d8cd98f00b204e9800998ecf8427e",
        "groups": {},
        "checks": {}
    }
}